,m_paid,m_free,m_total,zb_paid,zb_adult,zb_foreigner,zb_teen,zb_child,zb_free,zb_total,tp_group,tp_paid,tp_adult,tp_teen,tp_child,tp_foreigner,tp_free,tp_total,temp,date_fri,date_thur,date_wed,date_mon,date_sun,date_sat,date_tue,fall,spring,summer,winter,break_summer,break_winter,when,temp,rain,wind,humid,cloud,강수 계속시간(hr),10분 최다 강수량(mm),1시간 최다강수량(mm),일강수량(mm),cloud_w,temp_w,humid_w,wind_w
0,5,0,5,0,13,1508,0.0,2125,349,2474,1092,72,344,3,342,1850,13,1,1.0,0,0,0,0,0,0,1,0,0,0,1,0,1,2008-01-01,-6.3,0.0,3.6,48.5,0.6,0.0,0.0,0.0,0.0,1,1,3,2
1,3,0,3,4,10,508,0.0,715,742,1457,329,60,119,0,732,1240,6,0,1.0,0,0,1,0,0,0,0,0,0,0,1,0,1,2008-01-02,-3.4,0.0,2.2,50.1,1.0,0.0,0.0,0.0,0.0,1,1,3,1
2,2,0,2,1,11,725,0.0,1023,897,1920,462,57,169,1,872,1560,10,0,1.0,0,1,0,0,0,0,0,0,0,0,1,0,1,2008-01-03,0.9,0.0,2.5,52.0,3.6,0.0,0.0,0.0,0.0,2,1,4,1
3,1,0,1,3,4,875,0.0,1342,948,2290,554,61,260,0,928,1803,1,0,1.0,1,0,0,0,0,0,0,0,0,0,1,0,1,2008-01-04,-0.3,0.0,2.0,54.4,3.3,0.0,0.0,0.0,0.0,2,1,4,1
4,24,0,24,8,83,3545,0.0,5182,1306,6488,2415,138,992,4,1194,4739,75,2,1.0,0,0,0,0,0,1,0,0,0,0,1,0,1,2008-01-05,1.6,0.0,1.5,62.5,1.9,0.0,0.0,0.0,0.0,1,1,5,1
5,24,0,24,17,104,5357,0.0,7811,1402,9213,3834,209,1314,4,1309,6666,87,0,1.0,0,0,0,0,1,0,0,0,0,0,1,0,1,2008-01-06,4.1,0.0,1.5,73.3,8.5,0.0,0.0,0.0,0.0,3,2,5,1
6,6,0,6,1,9,846,0.0,1217,848,2065,567,66,213,2,824,1670,8,0,1.0,0,0,0,1,0,0,0,0,0,0,1,0,1,2008-01-07,2.8,0.0,1.9,82.1,7.4,0.0,0.0,0.0,0.0,3,1,5,1
7,11,0,11,1,22,765,0.0,1123,856,1979,513,78,174,2,840,1605,21,0,1.0,0,0,0,0,0,0,1,0,0,0,1,0,1,2008-01-08,1.8,0.0,1.9,63.3,8.6,0.0,0.0,0.0,0.0,3,1,5,1
8,3,0,3,2,11,879,0.0,1247,966,2213,576,91,172,0,943,1782,9,0,1.0,0,0,1,0,0,0,0,0,0,0,1,0,1,2008-01-09,0.9,0.0,1.7,46.6,6.1,0.0,0.0,0.0,0.0,3,1,3,1
9,0,0,0,6,6,835,0.0,1177,870,2047,557,75,203,2,856,1691,0,0,1.0,0,1,0,0,0,0,0,0,0,0,1,0,1,2008-01-10,0.1,0.0,1.7,39.1,4.3,0.0,0.0,0.0,0.0,2,1,2,1
10,0,0,0,0,0,208,0.0,318,465,783,161,18,29,0,459,667,0,0,1.0,1,0,0,0,0,0,0,0,0,0,1,0,1,2008-01-11,0.6,6.7,1.7,69.6,10.0,11.92,0.0,0.0,6.7,4,1,5,1
11,6,0,6,4,30,2232,0.0,2966,933,3899,1406,118,575,0,896,2995,26,0,1.0,0,0,0,0,0,1,0,0,0,0,1,0,1,2008-01-12,0.9,0.0,2.7,64.3,7.3,0.0,0.0,0.0,0.0,3,1,5,1
12,2,0,2,2,9,2013,0.0,2888,919,3807,1374,119,520,2,907,2920,7,0,1.0,0,0,0,0,1,0,0,0,0,0,1,0,1,2008-01-13,-4.3,0.0,2.3,43.4,5.8,0.0,0.0,0.0,0.0,2,1,3,1
13,0,0,0,3,6,522,0.0,768,762,1530,351,67,104,0,757,1279,3,0,1.0,0,0,0,1,0,0,0,0,0,0,1,0,1,2008-01-14,-2.7,0.0,2.1,44.1,0.6,0.0,0.0,0.0,0.0,1,1,3,1
14,0,0,0,0,0,444,0.0,629,635,1264,285,56,103,0,628,1072,0,0,1.0,0,0,0,0,0,0,1,0,0,0,1,0,1,2008-01-15,-4.2,0.0,2.8,35.1,3.3,0.0,0.0,0.0,0.0,2,1,2,1
15,0,0,0,0,0,257,0.0,433,603,1036,168,22,67,7,598,855,0,0,1.0,0,0,1,0,0,0,0,0,0,0,1,0,1,2008-01-16,-7.1,0.0,3.4,34.0,0.0,0.0,0.0,0.0,0.0,1,1,2,2
16,0,0,0,0,1,271,0.0,467,472,939,178,31,62,0,471,742,1,0,1.0,0,1,0,0,0,0,0,0,0,0,1,0,1,2008-01-17,-7.2,0.0,1.9,32.0,6.5,0.0,0.0,0.0,0.0,3,1,2,1
17,0,0,0,2,2,473,0.0,731,767,1498,272,77,124,0,726,1199,0,0,1.0,1,0,0,0,0,0,0,0,0,0,1,0,1,2008-01-18,-4.8,0.0,1.8,32.5,2.0,0.0,0.0,0.0,0.0,1,1,2,1
18,0,0,0,4,4,2306,0.0,3158,1069,4227,1512,155,569,0,1045,3281,0,0,1.0,0,0,0,0,0,1,0,0,0,0,1,0,1,2008-01-19,-2.2,0.0,1.6,31.8,7.9,0.0,0.0,0.0,0.0,3,1,2,1
19,8,0,8,1,18,3250,0.0,4457,1000,5457,2302,189,759,7,965,4215,17,0,1.0,0,0,0,0,1,0,0,0,0,0,1,0,1,2008-01-20,2.3,0.0,2.1,42.0,8.9,0.0,0.0,0.0,0.0,3,1,3,1
20,1,0,1,0,2,355,0.0,565,505,1070,213,57,85,0,502,857,2,0,1.0,0,0,0,1,0,0,0,0,0,0,1,0,1,2008-01-21,1.3,4.5,3.8,66.1,8.8,9.27,0.0,0.0,4.5,3,1,5,2
21,0,0,0,0,0,335,0.0,512,525,1037,238,25,72,0,521,856,0,0,1.0,0,0,0,0,0,0,1,0,0,0,1,0,1,2008-01-22,0.7,6.5,2.5,84.1,9.9,11.92,0.0,0.0,6.5,4,1,5,1
22,3,0,3,1,7,477,0.0,796,841,1637,302,62,113,0,828,1305,6,0,1.0,0,0,1,0,0,0,0,0,0,0,1,0,1,2008-01-23,-2.8,0.0,3.8,56.4,1.8,0.0,0.0,0.0,0.0,1,1,4,2
23,0,0,0,0,0,288,0.0,444,409,853,200,14,74,0,407,695,0,0,1.0,0,1,0,0,0,0,0,0,0,0,1,0,1,2008-01-24,-7.5,0.0,3.5,38.9,0.0,0.0,0.0,0.0,0.0,1,1,2,2
24,1,0,1,1,3,474,0.0,695,496,1191,233,54,120,0,493,900,2,0,1.0,1,0,0,0,0,0,0,0,0,0,1,0,1,2008-01-25,-5.9,0.0,2.1,40.3,2.8,0.0,0.0,0.0,0.0,1,1,2,1
25,3,0,3,6,18,2660,0.0,3540,1158,4698,1792,173,597,2,1127,3689,12,0,1.0,0,0,0,0,0,1,0,0,0,0,1,0,1,2008-01-26,-2.7,0.0,1.6,39.0,1.0,0.0,0.0,0.0,0.0,1,1,2,1
26,24,0,24,9,110,5900,0.0,8328,1203,9531,4313,254,1303,4,1146,7016,101,0,1.0,0,0,0,0,1,0,0,0,0,0,1,0,1,2008-01-27,-1.4,0.0,1.5,42.9,0.9,0.0,0.0,0.0,0.0,1,1,3,1
27,0,0,0,1,5,629,0.0,908,794,1702,408,98,123,4,789,1418,4,0,1.0,0,0,0,1,0,0,0,0,0,0,1,0,1,2008-01-28,-0.8,0.0,1.7,39.8,8.1,0.0,0.0,0.0,0.0,3,1,2,1
28,3,0,3,1,14,766,0.0,1079,896,1975,536,94,136,0,883,1649,13,0,1.0,0,0,0,0,0,0,1,0,0,0,1,0,1,2008-01-29,-0.2,0.0,2.1,44.8,4.4,0.0,0.0,0.0,0.0,2,1,3,1
29,7,0,7,0,13,523,0.0,711,741,1452,249,88,117,0,738,1192,13,0,1.0,0,0,1,0,0,0,0,0,0,0,1,0,1,2008-01-30,-2.2,0.0,3.6,47.4,3.6,1.0,0.0,0.0,0.0,2,1,3,2
30,0,0,0,0,1,390,0.0,543,642,1185,279,50,61,0,636,1026,1,0,1.0,0,1,0,0,0,0,0,0,0,0,1,0,1,2008-01-31,-4.2,0.0,3.1,42.5,0.0,0.0,0.0,0.0,0.0,1,1,3,2
31,1,0,1,1,4,417,0.0,603,774,1377,302,63,52,0,771,1188,3,0,2.0,1,0,0,0,0,0,0,0,0,0,1,0,1,2008-02-01,-3.3,0.0,2.1,40.8,2.0,0.0,0.0,0.0,0.0,1,1,2,1
32,13,0,13,41,91,2532,0.0,3532,1207,4739,1865,159,478,0,1148,3650,50,0,2.0,0,0,0,0,0,1,0,0,0,0,1,0,1,2008-02-02,-1.1,0.0,2.1,45.8,2.4,0.0,0.0,0.0,0.0,1,1,3,1
33,12,0,12,4,49,3594,0.0,5123,1171,6294,2660,164,770,3,1127,4721,45,1,2.0,0,0,0,0,1,0,0,0,0,0,1,0,1,2008-02-03,-0.7,0.0,2.1,56.3,4.0,0.0,0.0,0.0,0.0,2,1,4,1
34,0,0,0,2,4,552,0.0,783,655,1438,376,89,87,0,652,1204,2,2,2.0,0,0,0,1,0,0,0,0,0,0,1,0,1,2008-02-04,-2.7,0.0,3.0,46.5,0.5,0.0,0.0,0.0,0.0,1,1,3,2
35,2,0,2,1,10,470,0.0,597,663,1260,346,75,49,0,661,1131,9,0,2.0,0,0,0,0,0,0,1,0,0,0,1,0,1,2008-02-05,-3.4,0.0,2.4,42.3,4.4,0.0,0.0,0.0,0.0,2,1,3,1
36,6,0,6,1,20,1698,0.0,2336,797,3133,1221,92,385,31,770,2468,19,1,2.0,0,0,1,0,0,0,0,0,0,0,1,0,1,2008-02-06,-3.2,0.0,2.7,43.0,1.4,0.0,0.0,0.0,0.0,1,1,3,1
37,12,4,16,0,32,3460,0.0,4663,555,5218,2506,200,754,71,478,3938,32,0,2.0,0,1,0,0,0,0,0,0,0,0,1,0,1,2008-02-07,-3.9,0.0,2.6,45.5,0.1,0.0,0.0,0.0,0.0,1,1,3,1
38,20,0,20,3,54,5784,0.0,8169,1081,9250,4380,252,1152,2,983,6767,51,0,2.0,1,0,0,0,0,0,0,0,0,0,1,0,1,2008-02-08,-2.7,0.0,2.0,51.4,4.1,1.42,0.0,0.0,0.0,2,1,3,1
39,14,0,14,7,66,4445,0.0,6281,1362,7643,3333,230,852,21,1282,5697,59,1,2.0,0,0,0,0,0,1,0,0,0,0,1,0,1,2008-02-09,-1.9,0.0,2.5,55.3,3.1,0.33,0.0,0.0,0.0,2,1,4,1
40,11,0,11,3,40,4170,0.0,5872,1298,7170,3211,211,748,3,1215,5385,37,0,2.0,0,0,0,0,1,0,0,0,0,0,1,0,1,2008-02-10,-1.3,0.0,1.8,50.9,4.5,0.0,0.0,0.0,0.0,2,1,3,1
41,1,0,1,2,6,426,0.0,585,717,1302,335,71,20,3,706,1132,4,0,2.0,0,0,0,1,0,0,0,0,0,0,1,0,1,2008-02-11,-0.9,0.0,2.6,50.5,4.8,0.0,0.0,0.0,0.0,2,1,3,1
42,0,0,0,0,0,151,0.0,187,429,616,111,29,11,0,427,578,0,0,2.0,0,0,0,0,0,0,1,0,0,0,1,0,1,2008-02-12,-6.9,0.0,4.0,26.9,0.8,0.0,0.0,0.0,0.0,1,1,1,4
43,0,0,0,1,3,115,0.0,127,477,604,76,19,20,2,475,590,2,0,2.0,0,0,1,0,0,0,0,0,0,0,1,0,1,2008-02-13,-5.8,0.0,2.8,27.8,0.0,0.0,0.0,0.0,0.0,1,1,1,1
44,0,0,0,0,0,437,0.0,516,782,1298,352,57,28,0,771,1208,0,0,2.0,0,1,0,0,0,0,0,0,0,0,1,0,1,2008-02-14,-2.1,0.0,2.5,38.8,0.9,0.0,0.0,0.0,0.0,1,1,2,1
45,0,0,0,3,3,333,0.0,420,648,1068,254,40,39,0,641,974,0,0,2.0,1,0,0,0,0,0,0,0,0,0,1,0,1,2008-02-15,-3.5,0.0,3.8,33.8,0.3,0.0,0.0,0.0,0.0,1,1,2,2
46,11,0,11,3,32,1490,0.0,2066,973,3039,1139,98,253,2,938,2428,29,0,2.0,0,0,0,0,0,1,0,0,0,0,1,0,1,2008-02-16,-3.4,0.0,3.0,30.4,0.1,0.0,0.0,0.0,0.0,1,1,2,2
47,5,0,5,4,26,3553,0.0,4928,1189,6117,2640,174,658,2,1141,4613,22,0,2.0,0,0,0,0,1,0,0,0,0,0,1,0,1,2008-02-17,-2.3,0.0,2.4,31.3,0.0,0.0,0.0,0.0,0.0,1,1,2,1
48,2,0,2,0,5,768,0.0,994,847,1841,550,129,89,0,833,1601,5,0,2.0,0,0,0,1,0,0,0,0,0,0,1,0,1,2008-02-18,-1.5,0.0,2.2,39.4,3.1,0.0,0.0,0.0,0.0,2,1,2,1
49,2,0,2,5,13,762,0.0,1081,1148,2229,570,77,115,2,1121,1883,8,0,2.0,0,0,0,0,0,0,1,0,0,0,1,0,1,2008-02-19,0.5,0.0,2.6,57.1,0.6,0.0,0.0,0.0,0.0,1,1,4,1
50,3,0,3,0,16,937,0.0,1279,981,2260,662,91,184,0,965,1902,16,1,2.0,0,0,1,0,0,0,0,0,0,0,1,0,1,2008-02-20,2.7,0.0,2.7,49.5,0.8,0.0,0.0,0.0,0.0,1,1,3,1
51,7,0,7,9,48,1352,0.0,1858,1026,2884,949,139,264,8,979,2331,39,1,2.0,0,1,0,0,0,0,0,0,0,0,1,0,1,2008-02-21,4.4,0.0,2.6,38.1,2.4,0.0,0.0,0.0,0.0,1,2,2,1
52,16,0,16,7,55,1270,0.0,1781,740,2521,872,109,289,0,701,1971,48,6,2.0,1,0,0,0,0,0,0,0,0,0,1,0,1,2008-02-22,5.9,1.0,3.4,63.5,6.6,2.15,0.0,0.0,1.0,3,2,5,2
53,4,0,4,2,22,2313,0.0,3198,1074,4272,1577,104,514,0,1045,3240,20,0,2.0,0,0,0,0,0,1,0,0,0,0,1,0,1,2008-02-23,-2.6,0.0,4.2,42.6,0.6,0.0,0.0,0.0,0.0,1,1,3,4
54,42,0,42,10,180,5540,0.0,7892,1214,9106,4019,289,1232,8,1135,6675,170,1,2.0,0,0,0,0,1,0,0,0,0,0,1,0,1,2008-02-24,-1.5,0.0,2.3,32.0,0.5,0.0,0.0,0.0,0.0,1,1,2,1
55,2,0,2,1,7,816,0.0,1132,630,1762,467,129,220,0,622,1438,6,0,2.0,0,0,0,1,0,0,0,0,0,0,1,0,1,2008-02-25,-0.9,6.6,1.8,63.1,7.8,10.33,0.0,0.0,6.6,3,1,5,1
56,0,0,0,0,0,461,0.0,611,574,1185,295,64,102,15,569,1030,0,0,2.0,0,0,0,0,0,0,1,0,0,0,1,0,1,2008-02-26,-1.1,7.4,3.2,66.5,4.4,8.17,0.0,0.0,7.4,2,1,5,2
57,19,0,19,11,39,1112,0.0,1475,1070,2545,670,158,284,0,947,2059,28,1,2.0,0,0,1,0,0,0,0,0,0,0,1,0,1,2008-02-27,1.1,0.0,3.0,42.4,0.0,0.0,0.0,0.0,0.0,1,1,3,2
58,12,0,12,31,62,2023,0.0,2742,1113,3855,1189,209,586,0,1042,3026,31,0,2.0,0,1,0,0,0,0,0,0,0,0,1,0,1,2008-02-28,3.1,0.0,2.9,51.8,2.4,0.0,0.0,0.0,0.0,1,1,3,1
59,16,0,16,3,32,1617,0.0,2308,841,3149,988,184,409,0,806,2387,29,0,2.0,1,0,0,0,0,0,0,0,0,0,1,0,1,2008-02-29,4.6,0.0,3.2,58.8,4.5,0.0,0.0,0.0,0.0,2,2,4,2
60,133,0,133,22,515,15476,0.0,22958,2429,25387,10777,570,3806,7,1878,17031,493,4,3.0,0,0,0,0,0,1,0,0,1,0,0,0,0,2008-03-01,3.0,0.0,2.6,43.8,0.9,0.0,0.0,0.0,0.0,1,1,3,1
61,0,0,0,3,15,2323,0.0,3435,1025,4460,1728,99,496,0,967,3290,12,0,3.0,0,0,0,0,1,0,0,0,1,0,0,0,0,2008-03-02,2.6,0.2,2.0,63.3,8.8,2.17,0.0,0.0,0.2,3,1,5,1
62,0,0,0,7,16,635,0.0,950,902,1852,508,44,83,0,855,1490,9,0,3.0,0,0,0,1,0,0,0,0,1,0,0,0,0,2008-03-03,3.2,0.0,2.6,56.1,3.8,0.0,0.0,0.0,0.0,2,1,4,1
63,2,0,2,0,6,297,0.0,437,1030,1467,245,2,50,0,981,1278,6,0,3.0,0,0,0,0,0,0,1,0,1,0,0,0,0,2008-03-04,1.8,4.0,1.3,68.3,4.0,4.25,0.0,0.0,4.0,2,1,5,1
64,4,0,4,13,38,785,0.0,1124,1062,2186,707,2,76,3,1010,1795,25,0,3.0,0,0,1,0,0,0,0,0,1,0,0,0,0,2008-03-05,2.8,0.0,2.5,55.0,0.3,0.0,0.0,0.0,0.0,1,1,4,1
65,1,0,1,2,7,376,0.0,527,776,1303,346,0,30,0,763,1139,5,0,3.0,0,1,0,0,0,0,0,0,1,0,0,0,0,2008-03-06,4.3,0.1,2.6,60.3,5.1,2.25,0.0,0.0,0.1,2,2,5,1
66,7,0,7,3,45,1022,0.0,1496,1051,2547,927,11,84,0,1015,2037,42,0,3.0,1,0,0,0,0,0,0,0,1,0,0,0,0,2008-03-07,4.5,0.0,2.6,43.8,0.0,0.0,0.0,0.0,0.0,1,2,3,1
67,250,0,250,42,1071,15714,0.0,23544,2773,26317,11704,347,3548,4,1982,17581,1029,4,3.0,0,0,0,0,0,1,0,0,1,0,0,0,0,2008-03-08,5.3,0.0,2.4,52.5,1.0,0.0,0.0,0.0,0.0,1,2,4,1
68,360,0,360,64,1541,23155,0.0,32775,3701,36476,17533,410,5172,10,2265,25380,1477,12,3.0,0,0,0,0,1,0,0,0,1,0,0,0,0,2008-03-09,5.9,0.0,2.6,63.3,4.1,0.0,0.0,0.0,0.0,2,2,5,1
69,2,0,2,2,24,1243,0.0,1760,1180,2940,1126,6,111,0,1098,2341,22,1,3.0,0,0,0,1,0,0,0,0,1,0,0,0,0,2008-03-10,6.5,0.0,3.0,68.8,4.5,0.0,0.0,0.0,0.0,2,2,5,2
70,9,0,9,13,71,1533,0.0,2329,1348,3677,1442,0,91,0,1275,2808,58,0,3.0,0,0,0,0,0,0,1,0,1,0,0,0,0,2008-03-11,10.9,0.0,1.7,58.0,3.6,0.0,0.0,0.0,0.0,2,3,4,1
71,15,0,15,14,92,1947,0.0,2962,1457,4419,1797,2,148,10,1378,3325,78,0,3.0,0,0,1,0,0,0,0,0,1,0,0,0,0,2008-03-12,12.5,0.0,1.7,52.0,0.8,0.0,0.0,0.0,0.0,1,4,4,1
72,1,0,1,0,7,472,0.0,717,806,1523,429,6,37,1,783,1255,7,0,3.0,0,1,0,0,0,0,0,0,1,0,0,0,0,2008-03-13,9.9,0.4,2.6,69.8,9.9,4.52,0.0,0.0,0.4,4,3,5,1
73,15,0,15,20,123,2269,0.0,3177,1207,4384,2070,11,156,0,1108,3345,103,0,3.0,1,0,0,0,0,0,0,0,1,0,0,0,0,2008-03-14,8.5,0.0,2.4,61.3,1.9,0.42,0.0,0.0,0.0,1,3,5,1
74,247,0,247,292,1500,17738,0.0,26382,3288,29670,14367,246,3051,4,2224,19888,1208,5,3.0,0,0,0,0,0,1,0,0,1,0,0,0,0,2008-03-15,8.3,0.0,3.4,53.9,5.8,0.5,0.0,0.0,0.0,2,3,4,2
75,260,0,260,245,1260,21125,0.0,30256,3179,33435,16187,485,4423,37,2094,23189,1015,9,3.0,0,0,0,0,1,0,0,0,1,0,0,0,0,2008-03-16,7.3,0.0,3.1,53.4,1.3,0.57,0.0,0.0,0.0,1,2,4,2
76,12,0,12,67,187,2335,0.0,3375,1414,4789,1978,42,244,0,1256,3520,120,2,3.0,0,0,0,1,0,0,0,0,1,0,0,0,0,2008-03-17,9.0,0.0,1.6,41.5,0.6,0.0,0.0,0.0,0.0,1,3,3,1
77,22,0,22,31,129,2437,0.0,3742,1673,5415,2181,16,240,0,1508,3945,98,0,3.0,0,0,0,0,0,0,1,0,1,0,0,0,0,2008-03-18,12.3,0.0,2.3,34.9,4.1,0.0,0.0,0.0,0.0,2,4,2,1
78,4,0,4,12,53,1587,0.0,2303,1177,3480,1469,15,103,0,1112,2699,41,0,3.0,0,0,1,0,0,0,0,0,1,0,0,0,0,2008-03-19,11.2,0.0,3.6,37.3,2.8,0.0,0.0,0.0,0.0,1,4,2,2
79,26,0,26,65,205,2412,0.0,3577,1595,5172,2242,10,160,0,1429,3841,140,1,3.0,0,1,0,0,0,0,0,0,1,0,0,0,0,2008-03-20,11.6,0.0,2.7,19.9,0.0,0.0,0.0,0.0,0.0,1,4,1,1
80,23,0,23,56,214,3445,0.0,4855,1734,6589,2939,37,285,10,1506,4767,158,0,3.0,1,0,0,0,0,0,0,0,1,0,0,0,0,2008-03-21,13.1,0.0,2.3,24.5,2.8,0.0,0.0,0.0,0.0,1,4,1,1
81,518,2,520,91,1983,26294,0.0,36994,3343,40337,18102,739,6999,4,2133,27973,1892,11,3.0,0,0,0,0,0,1,0,0,1,0,0,0,0,2008-03-22,12.3,7.0,2.3,38.3,8.9,5.75,0.0,0.0,7.0,3,4,2,1
82,5,0,5,1,14,1742,0.0,2661,730,3391,1248,72,356,0,691,2367,13,0,3.0,0,0,0,0,1,0,0,0,1,0,0,0,0,2008-03-23,7.6,27.5,1.9,90.1,10.0,24.0,0.0,0.0,27.5,4,2,5,1
83,8,3,11,19,59,1645,0.0,2318,1238,3556,1401,28,144,0,1004,2577,40,0,3.0,0,0,0,1,0,0,0,0,1,0,0,0,0,2008-03-24,6.6,1.0,3.8,69.4,5.3,2.17,0.0,0.0,1.0,2,2,5,2
84,1,0,1,6,13,414,0.0,560,1075,1635,384,2,28,0,962,1376,7,0,3.0,0,0,0,0,0,0,1,0,1,0,0,0,0,2008-03-25,4.4,0.5,3.7,71.0,5.8,7.43,0.0,0.0,0.5,2,2,5,2
85,16,0,16,17,46,1700,0.0,1827,1322,3149,929,300,80,0,1165,2474,29,0,3.0,0,0,1,0,0,0,0,0,1,0,0,0,0,2008-03-26,6.6,0.0,3.9,64.0,4.1,0.0,0.0,0.0,0.0,2,2,5,2
86,5,0,5,13,53,1224,0.0,1785,993,2778,1048,9,125,0,933,2115,40,0,3.0,0,1,0,0,0,0,0,0,1,0,0,0,0,2008-03-27,7.1,0.0,3.8,59.3,5.6,1.18,0.0,0.0,0.0,2,2,4,2
87,132,0,132,54,273,4238,0.0,5188,1575,6763,2105,818,268,0,1414,4605,219,0,3.0,1,0,0,0,0,0,0,0,1,0,0,0,0,2008-03-28,7.4,0.0,2.3,51.8,3.1,0.0,0.0,0.0,0.0,2,2,3,1
88,2,0,2,2,10,889,0.0,1407,673,2080,767,36,86,2,634,1523,8,0,3.0,0,0,0,0,0,1,0,0,1,0,0,0,0,2008-03-29,6.0,13.0,1.7,84.6,10.0,19.17,0.0,0.0,13.0,4,2,5,1
89,115,0,115,46,504,12098,0.0,18471,2267,20738,8950,304,2736,1,1494,13484,458,4,3.0,0,0,0,0,1,0,0,0,1,0,0,0,0,2008-03-30,7.2,0.2,2.3,73.6,8.8,6.92,0.0,0.0,0.2,3,2,5,1
90,8,0,8,19,63,2515,0.0,3013,1458,4471,1510,425,177,0,1230,3342,44,0,3.0,0,0,0,1,0,0,0,0,1,0,0,0,0,2008-03-31,8.1,0.0,3.1,59.5,3.9,0.0,0.0,0.0,0.0,2,3,4,2
91,113,0,113,39,418,3419,0.0,5139,1900,7039,2499,54,568,0,1662,4783,379,5,4.0,0,0,0,0,0,0,1,0,1,0,0,0,0,2008-04-01,8.8,0.0,3.3,52.8,3.6,0.0,0.0,0.0,0.0,2,3,4,2
92,2,0,2,17,21,1118,0.0,945,693,1638,262,364,83,2,667,1376,4,0,4.0,0,0,1,0,0,0,0,0,1,0,0,0,0,2008-04-02,7.6,2.5,3.6,72.1,6.8,7.8,0.5,1.5,2.5,3,2,5,2
93,255,0,255,34,491,6091,0.0,6086,1904,7990,2109,1469,787,0,1628,5993,457,0,4.0,0,1,0,0,0,0,0,0,1,0,0,0,0,2008-04-03,8.7,0.0,3.5,46.9,0.1,0.0,0.0,0.0,0.0,1,3,3,2
94,105,0,105,36,423,6727,0.0,7564,1696,9260,3026,1286,773,64,1542,6627,387,0,4.0,1,0,0,0,0,0,0,0,1,0,0,0,0,2008-04-04,10.1,0.0,2.7,46.8,1.1,0.0,0.0,0.0,0.0,1,3,3,1
95,917,1,918,244,5871,34888,0.0,47203,4526,51729,24522,2813,5058,9,3225,35618,5627,55,4.0,0,0,0,0,0,1,0,0,1,0,0,0,0,2008-04-05,12.9,0.0,2.3,50.9,3.3,0.0,0.0,0.0,0.0,2,4,3,1
96,1580,0,1580,448,7037,36864,0.0,53479,4454,57933,27376,691,8647,1,2945,39659,6589,78,4.0,0,0,0,0,1,0,0,0,1,0,0,0,0,2008-04-06,14.8,1.0,2.5,41.5,5.4,1.92,0.5,1.0,1.0,2,4,3,1
97,30,1,31,10,256,6689,0.0,7812,1902,9714,2683,972,1434,11,1685,6774,246,1,4.0,0,0,0,1,0,0,0,0,1,0,0,0,0,2008-04-07,13.2,0.5,2.1,66.1,4.6,1.25,0.5,0.5,0.5,2,4,5,1
98,357,0,357,217,1387,12249,0.0,15239,3299,18538,4894,1597,2276,1,2406,11173,1170,2,4.0,0,0,0,0,0,0,1,0,1,0,0,0,0,2008-04-08,16.4,0.0,1.8,44.5,1.9,0.0,0.0,0.0,0.0,1,5,3,1
99,709,0,709,137,3122,24800,0.0,36312,3894,40206,17790,965,5608,1,2759,27122,2985,96,4.0,0,0,1,0,0,0,0,0,1,0,0,0,0,2008-04-09,13.2,11.5,4.4,48.4,10.0,9.17,0.5,2.5,11.5,4,4,3,4
100,170,0,170,55,473,9246,0.0,9244,2507,11751,2914,1992,1257,0,2193,8356,418,0,4.0,0,1,0,0,0,0,0,0,1,0,0,0,0,2008-04-10,15.6,1.5,2.3,45.4,4.0,5.33,0.5,1.0,1.5,2,4,3,1
101,235,0,235,166,920,11248,0.0,13513,3312,16825,4891,751,3458,3,2728,11828,754,3,4.0,1,0,0,0,0,0,0,0,1,0,0,0,0,2008-04-11,14.2,0.0,2.9,48.9,3.6,0.0,0.0,0.0,0.0,2,4,3,1
102,2061,2,2063,409,8331,46612,0.0,63192,6253,69445,30875,2081,11566,22,4435,48957,7922,139,4.0,0,0,0,0,0,1,0,0,1,0,0,0,0,2008-04-12,13.8,0.3,2.5,55.4,8.4,0.75,0.3,0.3,0.3,3,4,4,1
103,1073,3,1076,258,4942,34850,0.0,48602,5739,54341,25985,753,7652,20,4055,38445,4684,64,4.0,0,0,0,0,1,0,0,0,1,0,0,0,0,2008-04-13,12.8,0.1,3.2,58.9,5.6,5.17,0.1,0.1,0.1,2,4,4,2
104,194,0,194,267,1159,12323,0.0,14251,4639,18890,5595,1589,1940,0,3447,12571,892,6,4.0,0,0,0,1,0,0,0,0,1,0,0,0,0,2008-04-14,13.5,0.0,2.5,44.9,2.3,0.0,0.0,0.0,0.0,1,4,3,1
105,470,1,471,405,1702,17229,0.0,18848,5279,24127,5207,1371,4745,0,3808,15131,1297,3,4.0,0,0,0,0,0,0,1,0,1,0,0,0,0,2008-04-15,15.6,0.0,1.9,43.6,4.1,0.0,0.0,0.0,0.0,2,4,3,1
106,520,0,520,232,1230,11723,0.0,14592,3939,18531,4119,930,3141,1,2971,11161,998,6,4.0,0,0,1,0,0,0,0,0,1,0,0,0,0,2008-04-16,18.1,0.0,2.0,41.4,4.4,0.0,0.0,0.0,0.0,2,5,3,1
107,344,0,344,114,1029,20136,0.0,20936,3537,24473,4415,2412,7376,41,2669,16872,915,5,4.0,0,1,0,0,0,0,0,0,1,0,0,0,0,2008-04-17,18.6,0.0,3.0,40.3,1.6,0.0,0.0,0.0,0.0,1,5,2,2
108,876,0,876,130,1606,15932,0.0,17699,3090,20789,4848,1791,3761,0,2644,13044,1476,5,4.0,1,0,0,0,0,0,0,0,1,0,0,0,0,2008-04-18,18.5,0.0,2.5,44.4,0.3,0.0,0.0,0.0,0.0,1,5,3,1
109,717,6,723,282,4882,31793,0.0,44751,5580,50331,23260,2137,4387,63,4017,33801,4600,31,4.0,0,0,0,0,0,1,0,0,1,0,0,0,0,2008-04-19,20.1,0.0,1.6,37.3,0.3,0.0,0.0,0.0,0.0,1,5,2,1
110,1335,1,1336,276,6863,41541,0.0,58551,4327,62878,31631,476,9159,24,2556,43822,6587,34,4.0,0,0,0,0,1,0,0,0,1,0,0,0,0,2008-04-20,20.6,0.0,2.0,27.1,6.1,0.0,0.0,0.0,0.0,3,5,1,1
111,274,0,274,142,724,15734,0.0,15953,2807,18760,3429,1789,4533,6,1771,11522,582,2,4.0,0,0,0,1,0,0,0,0,1,0,0,0,0,2008-04-21,19.7,0.0,2.3,23.5,9.9,0.0,0.0,0.0,0.0,4,5,1,1
112,815,0,815,38,915,19059,0.0,16779,1947,18726,2113,1544,6696,0,1678,12031,877,1,4.0,0,0,0,0,0,0,1,0,1,0,0,0,0,2008-04-22,16.5,8.0,1.9,49.1,10.0,13.73,1.0,2.5,8.0,4,5,3,1
113,371,0,371,39,483,18036,0.0,15680,1187,16867,1584,2262,8785,34,1039,13670,444,0,4.0,0,0,1,0,0,0,0,0,1,0,0,0,0,2008-04-23,10.4,4.0,4.3,72.6,8.3,7.45,0.5,1.0,4.0,3,3,5,4
114,1760,0,1760,94,2169,23941,0.0,22919,3021,25940,3229,1150,9978,0,2319,16676,2075,0,4.0,0,1,0,0,0,0,0,0,1,0,0,0,0,2008-04-24,9.6,0.0,3.8,39.4,0.6,0.0,0.0,0.0,0.0,1,3,2,2
115,912,0,912,31,1054,12117,0.0,12421,2184,14605,2046,1111,3596,0,1455,8208,1023,1,4.0,1,0,0,0,0,0,0,0,1,0,0,0,0,2008-04-25,12.8,2.0,3.5,53.1,9.5,5.5,0.5,1.0,2.0,4,4,4,2
116,150,0,150,129,665,31599,0.0,26073,2515,28588,11487,155,7640,0,1768,21050,536,12,4.0,0,0,0,0,0,1,0,0,1,0,0,0,0,2008-04-26,10.0,7.0,3.7,75.4,8.1,4.3,1.5,3.5,7.0,3,3,5,2
117,166,0,166,55,955,12029,0.0,20735,2705,23440,9339,133,2495,23,1859,13826,900,5,4.0,0,0,0,0,1,0,0,0,1,0,0,0,0,2008-04-27,10.4,0.1,2.5,61.9,3.6,2.58,0.1,0.1,0.1,2,3,5,1
118,294,0,294,34,679,31665,0.0,23090,2226,25316,9408,35,8168,0,1803,19414,645,0,4.0,0,0,0,1,0,0,0,0,1,0,0,0,0,2008-04-28,13.1,0.0,2.3,46.8,1.5,0.0,0.0,0.0,0.0,1,4,3,1
119,925,0,925,114,1396,14516,0.0,15787,3082,18869,2998,736,4987,2,2074,10795,1282,3,4.0,0,0,0,0,0,0,1,0,1,0,0,0,0,2008-04-29,15.7,0.0,2.2,63.5,3.1,0.0,0.0,0.0,0.0,2,4,5,1
120,833,0,833,827,2195,15819,0.0,17431,3546,20977,3305,1254,6936,25,1886,13381,1368,0,4.0,0,0,1,0,0,0,0,0,1,0,0,0,0,2008-04-30,18.2,0.0,3.1,64.8,6.1,0.0,0.0,0.0,0.0,3,5,5,2
121,754,4,758,223,4841,29537,0.0,41780,3634,45414,20646,1667,5133,1,2726,30172,4618,32,5.0,0,1,0,0,0,0,0,0,1,0,0,0,0,2008-05-01,19.8,0.0,2.8,65.1,3.3,0.0,0.0,0.0,0.0,2,5,5,1
122,1218,0,1218,139,2563,22358,0.0,25642,3373,29015,6400,4103,4843,1,1791,17137,2424,129,5.0,1,0,0,0,0,0,0,0,1,0,0,0,0,2008-05-02,20.3,0.0,2.0,62.6,2.9,0.0,0.0,0.0,0.0,1,5,5,1
123,661,2,663,200,3759,31936,0.0,42762,7241,50003,19360,1815,7496,23,5741,34412,3559,52,5.0,0,0,0,0,0,1,0,0,1,0,0,0,0,2008-05-03,21.1,0.0,2.0,55.6,3.6,0.0,0.0,0.0,0.0,2,5,4,1
124,1133,17,1150,768,5209,36394,0.0,51757,4959,56716,25077,1146,9798,15,3031,39052,4441,120,5.0,0,0,0,0,1,0,0,0,1,0,0,0,0,2008-05-04,18.3,1.0,2.0,67.4,9.4,6.43,0.3,0.5,1.0,4,5,5,1
125,4,0,4,1260,10395,45728,0.0,67785,6128,73913,43127,2544,23,18,2979,48673,9135,350,5.0,0,0,0,1,0,0,0,0,1,0,0,0,0,2008-05-05,15.8,0.1,3.6,49.3,0.9,0.75,0.1,0.1,0.1,1,4,3,2
126,256,0,256,110,1240,8975,0.0,12728,2588,15316,3805,1490,1915,0,2019,9229,1130,492,5.0,0,0,0,0,0,0,1,0,1,0,0,0,0,2008-05-06,17.2,0.0,4.0,30.1,1.1,0.0,0.0,0.0,0.0,1,5,2,4
127,16,1,17,67,197,6862,0.0,6062,1644,7706,1423,2024,895,1,1349,5691,130,4,5.0,0,0,1,0,0,0,0,0,1,0,0,0,0,2008-05-07,15.8,9.5,2.3,52.9,8.0,1.98,4.0,6.5,9.5,3,4,4,1
128,10,0,10,87,177,9120,0.0,6091,2959,9050,1180,3291,393,27,1917,6781,90,1,5.0,0,1,0,0,0,0,0,0,1,0,0,0,0,2008-05-08,18.7,0.0,2.0,54.8,8.1,0.18,0.0,0.0,0.0,3,5,4,1
129,219,0,219,48,415,7376,0.0,6861,1382,8243,1241,2034,1430,0,1147,5852,367,31,5.0,1,0,0,0,0,0,0,0,1,0,0,0,0,2008-05-09,18.5,0.0,4.1,31.8,5.8,0.0,0.0,0.0,0.0,2,5,2,4
130,150,5,155,117,659,8694,0.0,13503,2923,16426,5893,496,1749,0,1747,9885,542,17,5.0,0,0,0,0,0,1,0,0,1,0,0,0,0,2008-05-10,15.7,0.0,3.8,34.5,3.0,0.0,0.0,0.0,0.0,2,4,2,2
131,273,1,274,102,1645,18678,0.0,28250,3557,31807,13301,758,3607,20,1865,19531,1543,40,5.0,0,0,0,0,1,0,0,0,1,0,0,0,0,2008-05-11,16.0,0.0,2.8,42.4,1.8,0.0,0.0,0.0,0.0,1,5,3,1
132,202,0,202,119,1131,10372,0.0,16973,2160,19133,7581,536,1960,36,1741,11818,1012,57,5.0,0,0,0,1,0,0,0,0,1,0,0,0,0,2008-05-12,15.9,0.0,2.8,44.4,6.8,2.5,0.0,0.0,0.0,3,4,3,1
133,148,0,148,88,302,3076,0.0,2202,968,3170,238,1271,158,2,718,2385,214,33,5.0,0,0,0,0,0,0,1,0,1,0,0,0,0,2008-05-13,12.3,1.5,3.1,60.8,8.6,7.5,0.5,1.0,1.5,3,4,5,2
134,27,0,27,176,293,2926,0.0,2918,2421,5339,950,930,60,4,1892,3832,117,2,5.0,0,0,1,0,0,0,0,0,1,0,0,0,0,2008-05-14,13.1,0.0,2.8,56.3,2.8,0.0,0.0,0.0,0.0,1,4,4,1
135,53,5,58,212,878,5573,0.0,4892,2856,7748,1282,1932,133,0,1837,5184,666,271,5.0,0,1,0,0,0,0,0,0,1,0,0,0,0,2008-05-15,14.4,0.0,2.2,56.3,1.5,0.0,0.0,0.0,0.0,1,4,4,1
136,270,0,270,186,627,10822,0.0,8019,1964,9983,1277,4258,524,4,1498,7557,441,32,5.0,1,0,0,0,0,0,0,0,1,0,0,0,0,2008-05-16,15.7,0.0,2.2,48.5,1.5,0.0,0.0,0.0,0.0,1,4,3,1
137,144,4,148,258,1416,7127,0.0,12145,2413,14558,5622,446,732,3,1973,8773,1158,30,5.0,0,0,0,0,0,1,0,0,1,0,0,0,0,2008-05-17,17.6,0.0,1.8,43.9,2.1,0.0,0.0,0.0,0.0,1,5,3,1
138,9,0,9,35,149,1172,0.0,2070,758,2828,803,51,207,0,669,1730,114,32,5.0,0,0,0,0,1,0,0,0,1,0,0,0,0,2008-05-18,13.5,30.0,2.0,77.9,9.6,12.45,3.0,11.5,30.0,4,4,5,1
139,4,2,6,130,314,1279,0.0,2315,1427,3742,1045,19,56,0,1184,2304,184,1,5.0,0,0,0,1,0,0,0,0,1,0,0,0,0,2008-05-19,13.0,0.1,3.9,66.1,5.6,1.63,0.1,0.1,0.1,2,4,5,2
140,29,0,29,234,631,5554,0.0,5323,2596,7919,1642,980,841,2,1878,5341,397,1,5.0,0,0,0,0,0,0,1,0,1,0,0,0,0,2008-05-20,15.1,0.0,2.4,55.0,0.9,0.0,0.0,0.0,0.0,1,4,4,1
141,26,0,26,184,339,913,0.0,1362,1139,2501,568,7,105,2,898,1578,155,2,5.0,0,0,1,0,0,0,0,0,1,0,0,0,0,2008-05-21,16.8,4.0,2.9,64.9,4.6,2.7,1.0,2.0,4.0,2,5,5,1
142,115,0,115,432,1059,4047,0.0,4718,3029,7747,1399,1109,234,0,1469,4211,627,0,5.0,0,1,0,0,0,0,0,0,1,0,0,0,0,2008-05-22,20.5,0.0,2.7,67.6,5.5,0.0,0.0,0.0,0.0,2,5,5,1
143,225,4,229,338,1567,7294,0.0,7933,2251,10184,1518,2200,620,0,1526,5864,1229,430,5.0,1,0,0,0,0,0,0,0,1,0,0,0,0,2008-05-23,21.5,0.0,1.5,68.3,7.9,0.0,0.0,0.0,0.0,3,5,5,1
144,719,0,719,743,4938,10278,0.0,19356,3246,22602,6996,366,2113,3,1958,11433,4195,81,5.0,0,0,0,0,0,1,0,0,1,0,0,0,0,2008-05-24,23.0,0.0,2.1,62.4,4.8,0.0,0.0,0.0,0.0,2,6,5,1
145,983,1,984,1155,7181,13840,0.0,27112,4026,31138,10439,520,2621,0,1832,15412,6026,141,5.0,0,0,0,0,1,0,0,0,1,0,0,0,0,2008-05-25,20.7,0.0,3.4,70.6,2.8,0.0,0.0,0.0,0.0,1,5,5,2
146,132,1,133,658,2050,3818,0.0,4957,1798,6755,1459,1121,158,12,1042,3780,1392,2,5.0,0,0,0,1,0,0,0,0,1,0,0,0,0,2008-05-26,18.7,0.0,2.5,73.1,7.1,0.0,0.0,0.0,0.0,3,5,5,1
147,61,0,61,778,2158,3865,0.0,5215,2230,7445,1284,956,415,7,1271,3926,1380,4,5.0,0,0,0,0,0,0,1,0,1,0,0,0,0,2008-05-27,21.5,0.0,2.7,58.6,6.3,0.0,0.0,0.0,0.0,3,5,4,1
148,2,0,2,155,387,2356,0.0,1639,506,2145,129,1114,4,0,348,1595,232,0,5.0,0,0,1,0,0,0,0,0,1,0,0,0,0,2008-05-28,18.6,51.5,1.2,93.3,9.1,12.08,7.5,13.5,51.5,4,5,5,1
149,287,0,287,1022,2989,6529,0.0,7250,2631,9881,1234,2162,605,2,1422,5423,1967,97,5.0,0,1,0,0,0,0,0,0,1,0,0,0,0,2008-05-29,22.3,0.0,2.4,71.5,6.9,0.0,0.0,0.0,0.0,3,6,5,1
150,83,0,83,604,1531,2372,0.0,4016,1487,5503,862,109,1001,0,808,2780,927,6,5.0,1,0,0,0,0,0,0,0,1,0,0,0,0,2008-05-30,18.0,0.0,3.1,63.9,6.1,0.0,0.0,0.0,0.0,3,5,5,2
151,635,0,635,1196,6212,10794,0.0,19303,3549,22852,8023,276,1265,14,2084,11648,5016,83,5.0,0,0,0,0,0,1,0,0,1,0,0,0,0,2008-05-31,17.9,0.0,3.3,51.9,0.5,0.0,0.0,0.0,0.0,1,5,3,2
152,1295,11,1306,1007,9061,15298,0.0,31763,4416,36179,11911,389,2891,10,2282,17473,8054,177,6.0,0,0,0,0,1,0,0,0,0,1,0,0,0,2008-06-01,21.6,0.0,2.5,41.5,2.9,0.0,0.0,0.0,0.0,1,5,3,1
153,26,0,26,443,1003,877,0.0,1605,1481,3086,510,14,198,4,981,1703,560,0,6.0,0,0,0,1,0,0,0,0,0,1,0,0,0,2008-06-02,18.9,62.5,3.2,70.9,7.3,6.85,13.0,35.0,62.5,3,5,5,2
154,155,0,155,565,1437,951,0.0,2494,1825,4319,784,14,123,0,1118,2039,872,1,6.0,0,0,0,0,0,0,1,0,0,1,0,0,0,2008-06-03,18.7,10.0,3.2,72.5,9.0,7.93,1.5,3.5,10.0,4,5,5,2
155,198,1,199,480,1001,3646,0.0,2984,1694,4678,452,1231,385,2,1116,3184,521,0,6.0,0,0,1,0,0,0,0,0,0,1,0,0,0,2008-06-04,16.9,5.0,3.7,72.9,8.6,4.27,1.5,3.0,5.0,3,5,5,2
156,101,0,101,302,678,2491,0.0,2515,933,3448,243,832,314,0,602,1991,376,0,6.0,0,1,0,0,0,0,0,0,0,1,0,0,0,2008-06-05,14.9,7.5,2.7,85.0,8.8,7.23,1.0,3.5,7.5,3,4,5,1
157,1735,16,1751,1565,11352,23261,0.0,43046,5757,48803,16821,764,5161,3,2955,25701,9787,243,6.0,1,0,0,0,0,0,0,0,0,1,0,0,0,2008-06-06,16.7,0.0,3.1,77.5,9.4,0.0,0.0,0.0,0.0,4,5,5,2
158,714,0,714,633,5464,12248,0.0,23913,3537,27450,9266,495,2348,0,1845,13954,4831,71,6.0,0,0,0,0,0,1,0,0,0,1,0,0,0,2008-06-07,19.1,0.0,2.1,71.6,6.8,0.7,0.0,0.0,0.0,3,5,5,1
159,454,0,454,437,2904,7218,0.0,13249,2537,15786,5485,243,1408,24,1477,8613,2467,52,6.0,0,0,0,0,1,0,0,0,0,1,0,0,0,2008-06-08,18.9,4.5,1.7,78.3,7.1,4.0,1.0,3.5,4.5,3,5,5,1
160,136,0,136,571,1503,1545,0.0,3374,2012,5386,1294,9,178,5,1325,2806,932,11,6.0,0,0,0,1,0,0,0,0,0,1,0,0,0,2008-06-09,21.0,0.0,1.9,71.0,4.8,0.0,0.0,0.0,0.0,2,5,5,1
161,841,0,841,543,2082,2201,0.0,4646,1846,6492,1161,114,497,8,1222,2994,1539,4,6.0,0,0,0,0,0,0,1,0,0,1,0,0,0,2008-06-10,22.7,0.0,2.2,68.3,7.0,0.0,0.0,0.0,0.0,3,6,5,1
162,472,3,475,408,1917,3073,0.0,4678,1781,6459,1028,227,893,52,1283,3431,1509,222,6.0,0,0,1,0,0,0,0,0,0,1,0,0,0,2008-06-11,24.5,0.0,2.5,48.8,4.4,0.0,0.0,0.0,0.0,2,6,3,1
163,470,0,470,439,1558,3162,0.0,5155,1798,6953,1182,19,1062,0,1226,3489,1119,3,6.0,0,1,0,0,0,0,0,0,0,1,0,0,0,2008-06-12,23.3,10.5,2.2,57.1,2.5,1.13,9.5,10.5,10.5,1,6,4,1
164,913,0,913,761,2522,3617,0.0,6152,2058,8210,1318,8,1257,16,1203,3786,1761,2,6.0,1,0,0,0,0,0,0,0,0,1,0,0,0,2008-06-13,21.5,0.0,2.5,76.1,3.5,0.0,0.0,0.0,0.0,2,5,5,1
165,661,0,661,532,4115,12126,0.0,21120,2817,23937,7581,366,2955,15,1811,12713,3583,80,6.0,0,0,0,0,0,1,0,0,0,1,0,0,0,2008-06-14,23.9,0.0,2.8,62.8,5.0,0.0,0.0,0.0,0.0,2,6,5,1
166,643,3,646,604,4754,13065,0.0,24683,4173,28856,10130,303,2523,24,2084,15040,4150,74,6.0,0,0,0,0,1,0,0,0,0,1,0,0,0,2008-06-15,22.5,0.0,3.8,52.9,3.1,0.0,0.0,0.0,0.0,2,6,4,2
167,82,12,94,272,996,3327,0.0,4382,1742,6124,1498,795,170,0,1327,3790,724,3,6.0,0,0,0,1,0,0,0,0,0,1,0,0,0,2008-06-16,23.0,0.0,2.9,38.0,5.8,0.0,0.0,0.0,0.0,2,6,2,1
168,199,0,199,213,724,779,0.0,1642,1149,2791,539,17,148,0,897,1601,511,5,6.0,0,0,0,0,0,0,1,0,0,1,0,0,0,2008-06-17,22.6,3.0,2.7,58.6,9.8,3.2,1.0,1.5,3.0,4,6,4,1
169,40,0,40,12,86,53,0.0,178,411,589,50,2,1,0,347,400,74,4,6.0,0,0,1,0,0,0,0,0,0,1,0,0,0,2008-06-18,19.1,46.0,3.4,92.5,10.0,20.2,3.0,8.5,46.0,4,5,5,2
170,267,0,267,403,1177,2088,0.0,3628,1979,5607,940,17,659,0,1363,2979,774,2,6.0,0,1,0,0,0,0,0,0,0,1,0,0,0,2008-06-19,20.3,0.0,2.2,80.9,8.4,0.0,0.0,0.0,0.0,3,5,5,1
171,913,1,914,311,1804,4189,0.0,6738,1969,8707,1375,31,1465,2,1482,4353,1493,2,6.0,1,0,0,0,0,0,0,0,0,1,0,0,0,2008-06-20,24.3,0.0,1.7,67.8,5.3,0.0,0.0,0.0,0.0,2,6,5,1
172,128,3,131,340,1652,4776,0.0,8569,2270,10839,3627,267,649,11,1711,6254,1312,125,6.0,0,0,0,0,0,1,0,0,0,1,0,0,0,2008-06-21,24.6,0.0,3.1,61.0,8.8,0.72,0.0,0.0,0.0,3,6,5,2
173,436,0,436,365,3038,9164,0.0,16495,1803,18298,7258,142,1734,5,1285,10419,2673,27,6.0,0,0,0,0,1,0,0,0,0,1,0,0,0,2008-06-22,22.6,6.5,3.3,65.3,6.5,3.42,4.0,6.0,6.5,3,6,5,2
174,95,0,95,221,877,2122,0.0,3859,1572,5431,1729,52,258,0,1267,3306,656,7,6.0,0,0,0,1,0,0,0,0,0,1,0,0,0,2008-06-23,22.8,0.0,3.0,48.6,5.6,0.0,0.0,0.0,0.0,2,6,3,2
175,158,0,158,201,922,2065,0.0,3911,1652,5563,1586,29,319,2,1316,3250,721,1,6.0,0,0,0,0,0,0,1,0,0,1,0,0,0,2008-06-24,23.4,0.0,2.6,49.8,7.0,0.0,0.0,0.0,0.0,3,6,3,1
176,221,40,261,203,753,2588,0.0,3957,1534,5491,1479,18,625,0,1267,3389,550,2,6.0,0,0,1,0,0,0,0,0,0,1,0,0,0,2008-06-25,23.6,0.0,2.6,58.4,5.6,0.0,0.0,0.0,0.0,2,6,4,1
177,216,2,218,206,861,2350,0.0,4099,1482,5581,1565,23,498,5,1183,3269,655,3,6.0,0,1,0,0,0,0,0,0,0,1,0,0,0,2008-06-26,23.3,0.0,2.9,61.1,3.6,0.0,0.0,0.0,0.0,2,6,5,1
178,181,0,181,196,751,2398,0.0,4509,1275,5784,1541,38,522,0,906,3007,555,1,6.0,1,0,0,0,0,0,0,0,0,1,0,0,0,2008-06-27,23.7,0.0,2.1,62.9,6.4,0.0,0.0,0.0,0.0,3,6,5,1
179,88,0,88,235,892,3804,0.0,6970,1898,8868,2637,65,920,0,1559,5181,657,6,6.0,0,0,0,0,0,1,0,0,0,1,0,0,0,2008-06-28,22.6,2.0,1.9,72.9,10.0,3.37,0.5,1.5,2.0,4,6,5,1
180,415,1,416,239,2685,10468,0.0,18878,2124,21002,8382,96,1990,23,1420,11888,2446,17,6.0,0,0,0,0,1,0,0,0,0,1,0,0,0,2008-06-29,22.1,7.5,3.2,68.3,6.3,7.08,1.5,3.5,7.5,3,6,5,2
181,54,0,54,163,572,2237,0.0,3562,1318,4880,1584,24,341,3,1080,3029,409,4,6.0,0,0,0,1,0,0,0,0,0,1,0,0,0,2008-06-30,22.5,0.0,2.7,65.9,6.3,0.0,0.0,0.0,0.0,3,6,5,1
182,294,0,294,118,659,2236,0.0,3741,1626,5367,1498,20,396,0,1383,3297,541,3,7.0,0,0,0,0,0,0,1,0,0,1,0,1,0,2008-07-01,24.8,0.0,1.6,64.6,9.0,0.0,0.0,0.0,0.0,4,6,5,1
183,0,0,0,18,43,254,0.0,466,741,1207,230,5,19,0,651,905,25,1,7.0,0,0,1,0,0,0,0,0,0,1,0,1,0,2008-07-02,22.4,14.5,3.1,82.8,10.0,13.33,4.5,5.5,14.5,4,6,5,2
184,11,0,11,49,126,1438,0.0,1819,1077,2896,1041,18,97,0,872,2028,77,0,7.0,0,1,0,0,0,0,0,0,0,1,0,1,0,2008-07-03,21.9,9.0,3.8,83.8,9.1,9.97,1.0,3.0,9.0,4,5,5,2
185,112,0,112,62,353,1836,0.0,3155,1252,4407,1331,59,205,0,1074,2669,291,0,7.0,1,0,0,0,0,0,0,0,0,1,0,1,0,2008-07-04,24.3,0.1,2.3,80.4,9.8,0.92,0.1,0.1,0.1,4,6,5,1
186,52,0,52,112,500,3641,0.0,6354,1974,8328,2803,129,709,18,1751,5392,388,2,7.0,0,0,0,0,0,1,0,0,0,1,0,1,0,2008-07-05,24.5,5.0,1.7,84.8,9.0,4.48,1.5,3.5,5.0,4,6,5,1
187,207,0,207,129,1212,10473,0.0,17831,2031,19862,8116,198,2099,9,1737,12150,1083,23,7.0,0,0,0,0,1,0,0,0,0,1,0,1,0,2008-07-06,25.5,0.0,3.2,82.4,9.8,0.0,0.0,0.0,0.0,4,6,5,2
188,21,0,21,22,164,1007,0.0,1804,1004,2808,863,31,113,10,946,1953,142,6,7.0,0,0,0,1,0,0,0,0,0,1,0,1,0,2008-07-07,24.7,0.5,2.0,87.5,9.8,8.0,0.3,0.4,0.5,4,6,5,1
189,7,0,7,87,176,101679,0.0,52035,1347,53382,814,326,50161,0,1162,52463,89,1,7.0,0,0,0,0,0,0,1,0,0,1,0,1,0,2008-07-08,27.6,0.0,2.1,71.4,5.3,0.0,0.0,0.0,0.0,2,7,5,1
190,7,0,7,95,149,784,0.0,1814,1098,2912,685,20,79,0,956,1740,54,0,7.0,0,0,1,0,0,0,0,0,0,1,0,1,0,2008-07-09,27.5,0.0,2.5,66.4,1.5,0.0,0.0,0.0,0.0,1,7,5,1
191,45,0,45,88,235,851,0.0,1651,972,2623,796,12,43,0,853,1704,147,2,7.0,0,1,0,0,0,0,0,0,0,1,0,1,0,2008-07-10,26.3,0.0,2.2,67.3,6.6,0.0,0.0,0.0,0.0,3,6,5,1
192,15,0,15,46,132,953,0.0,2010,1060,3070,764,44,145,0,963,1916,86,3,7.0,1,0,0,0,0,0,0,0,0,1,0,1,0,2008-07-11,27.0,0.0,1.9,65.0,7.9,0.0,0.0,0.0,0.0,3,7,5,1
193,98,0,98,97,613,6065,0.0,10583,1532,12115,4221,297,1336,4,1287,7141,516,20,7.0,0,0,0,0,0,1,0,0,0,1,0,1,0,2008-07-12,24.5,50.5,2.5,84.4,10.0,12.75,8.5,14.0,50.5,4,6,5,1
194,137,0,137,77,782,8215,0.0,14074,1909,15983,6392,268,1555,20,1698,9913,705,11,7.0,0,0,0,0,1,0,0,0,0,1,0,1,0,2008-07-13,25.8,11.5,2.6,75.8,5.6,3.33,5.0,9.0,11.5,2,6,5,1
195,6,0,6,113,177,826,0.0,1550,1113,2663,721,18,87,4,941,1767,64,0,7.0,0,0,0,1,0,0,0,0,0,1,0,1,0,2008-07-14,27.3,0.0,2.0,70.6,7.0,0.0,0.0,0.0,0.0,3,7,5,1
196,22,0,22,57,145,1380,0.0,1809,1153,2962,718,236,151,0,1020,2125,88,1,7.0,0,0,0,0,0,0,1,0,0,1,0,1,0,2008-07-15,28.1,0.0,2.5,68.9,7.6,0.0,0.0,0.0,0.0,3,7,5,1
197,1,0,1,0,15,307,0.0,391,763,1154,146,36,55,0,660,897,15,0,7.0,0,0,1,0,0,0,0,0,0,1,0,1,0,2008-07-16,24.8,10.5,3.8,82.4,9.5,4.92,4.0,8.5,10.5,4,6,5,2
198,4,0,4,34,87,1420,0.0,2308,1204,3512,1082,72,192,0,1087,2433,53,0,7.0,0,1,0,0,0,0,0,0,0,1,0,1,0,2008-07-17,25.3,0.0,2.4,71.5,4.9,0.0,0.0,0.0,0.0,2,6,5,1
199,9,0,9,78,140,1330,0.0,2380,1316,3696,1052,88,140,0,1105,2385,62,5,7.0,1,0,0,0,0,0,0,0,0,1,0,1,0,2008-07-18,26.2,0.0,2.0,67.6,8.8,0.0,0.0,0.0,0.0,3,6,5,1
200,0,0,0,13,14,319,0.0,743,352,1095,228,28,63,2,336,655,1,0,7.0,0,0,0,0,0,1,0,0,0,1,0,1,0,2008-07-19,23.8,108.5,2.3,89.0,9.8,13.55,9.0,24.5,108.5,4,6,5,1
201,21,0,21,8,118,2266,0.0,3817,716,4533,1729,81,456,0,644,2910,110,2,7.0,0,0,0,0,1,0,0,0,0,1,0,1,0,2008-07-20,24.7,124.0,2.8,89.0,9.8,17.73,8.5,37.0,124.0,4,6,5,1
202,27,1,28,27,112,1246,0.0,2069,894,2963,930,86,230,0,805,2051,85,1,7.0,0,0,0,1,0,0,0,0,0,1,0,1,0,2008-07-21,23.0,5.0,4.3,84.5,9.5,8.42,0.5,1.5,5.0,4,6,5,4
203,16,0,16,57,172,2009,0.0,3443,1260,4703,1551,123,335,0,1136,3145,115,5,7.0,0,0,0,0,0,0,1,0,0,1,0,1,0,2008-07-22,24.7,0.1,2.9,76.3,7.9,0.4,0.1,0.1,0.1,3,6,5,1
204,6,0,6,70,114,1684,0.0,3281,1189,4470,1234,104,315,1,1055,2708,44,2,7.0,0,0,1,0,0,0,0,0,0,1,0,1,0,2008-07-23,23.8,7.0,1.8,83.0,9.4,9.25,3.5,6.0,7.0,4,6,5,1
205,0,0,0,0,1,121,0.0,290,213,503,92,1,28,0,199,320,1,0,7.0,0,1,0,0,0,0,0,0,0,1,0,1,0,2008-07-24,22.4,127.5,2.7,93.8,10.0,21.75,14.0,43.0,127.5,4,6,5,1
206,0,0,0,1,8,767,0.0,1724,532,2256,542,40,185,4,508,1275,7,0,7.0,1,0,0,0,0,0,0,0,0,1,0,1,0,2008-07-25,23.1,24.0,3.3,88.0,10.0,9.23,3.5,9.0,24.0,4,6,5,2
207,9,0,9,8,73,2292,0.0,3825,1069,4894,1505,65,584,2,982,3136,65,3,7.0,0,0,0,0,0,1,0,0,0,1,0,1,0,2008-07-26,22.2,32.0,2.9,89.5,9.8,12.78,4.5,10.0,32.0,4,6,5,1
208,100,2,102,55,567,11052,0.0,17901,2128,20029,8258,391,2403,12,1835,12887,512,5,7.0,0,0,0,0,1,0,0,0,0,1,0,1,0,2008-07-27,25.1,0.1,1.7,79.4,8.3,0.33,0.1,0.1,0.1,3,6,5,1
209,66,0,66,66,320,5016,0.0,8980,1376,10356,3301,276,1382,0,1021,5980,254,10,7.0,0,0,0,1,0,0,0,0,0,1,0,1,0,2008-07-28,26.9,0.0,1.5,71.6,5.6,0.0,0.0,0.0,0.0,2,6,5,1
210,34,0,34,32,193,3721,0.0,6971,1144,8115,2528,161,1032,12,1020,4741,161,4,7.0,0,0,0,0,0,0,1,0,0,1,0,1,0,2008-07-29,28.0,0.0,2.2,70.3,4.9,0.0,0.0,0.0,0.0,2,7,5,1
211,21,0,21,29,126,3163,0.0,6082,1143,7225,2061,139,930,6,1013,4143,97,7,7.0,0,0,1,0,0,0,0,0,0,1,0,1,0,2008-07-30,26.1,0.5,1.5,78.1,7.8,1.5,0.3,0.5,0.5,3,6,5,1
212,20,0,20,24,130,5234,0.0,8988,1275,10263,3453,213,1494,0,1078,6238,106,0,7.0,0,1,0,0,0,0,0,0,0,1,0,1,0,2008-07-31,26.7,0.5,1.7,78.6,8.8,3.0,0.3,0.3,0.5,3,6,5,1
213,67,0,67,49,287,7215,0.0,12690,1458,14148,4905,296,1915,2,1060,8176,238,10,8.0,1,0,0,0,0,0,0,0,0,1,0,1,0,2008-08-01,27.7,0.0,4.1,72.4,9.6,1.58,0.0,0.0,0.0,4,7,5,4
214,22,0,22,34,147,5547,0.0,9621,1327,10948,3952,218,1343,0,953,6466,113,1,8.0,0,0,0,0,0,1,0,0,0,1,0,1,0,2008-08-02,26.1,22.0,4.9,85.4,10.0,11.17,3.5,7.5,22.0,4,6,5,4
215,140,0,140,41,788,13676,0.0,20887,2734,23621,10075,393,2868,37,1862,15198,747,17,8.0,0,0,0,0,1,0,0,0,0,1,0,1,0,2008-08-03,25.5,1.0,3.1,78.6,5.3,5.17,0.5,0.5,1.0,2,6,5,2
216,38,0,38,42,240,5874,0.0,10173,1700,11873,3891,461,1404,0,1284,7040,198,15,8.0,0,0,0,1,0,0,0,0,0,1,0,1,0,2008-08-04,25.5,0.0,1.4,66.6,1.9,0.0,0.0,0.0,0.0,1,6,5,1
217,18,0,18,42,145,4435,0.0,8009,1442,9451,3128,232,1075,5,1239,5674,103,4,8.0,0,0,0,0,0,0,1,0,0,1,0,1,0,2008-08-05,26.3,0.0,1.7,68.3,3.4,0.0,0.0,0.0,0.0,2,6,5,1
218,30,0,30,21,138,3618,0.0,6988,1327,8315,2503,208,907,5,1104,4722,117,5,8.0,0,0,1,0,0,0,0,0,0,1,0,1,0,2008-08-06,27.8,0.0,1.8,65.8,1.1,0.0,0.0,0.0,0.0,1,7,5,1
219,21,1,22,24,114,2958,0.0,5385,1306,6691,1995,160,803,1,1161,4119,90,9,8.0,0,1,0,0,0,0,0,0,0,1,0,1,0,2008-08-07,28.7,0.0,1.8,57.9,0.5,0.0,0.0,0.0,0.0,1,7,4,1
220,16,0,16,21,80,2652,0.0,5043,1105,6148,1664,138,705,0,948,3455,59,0,8.0,1,0,0,0,0,0,0,0,0,1,0,1,0,2008-08-08,30.0,0.0,1.9,56.6,1.6,0.0,0.0,0.0,0.0,1,7,4,1
221,29,0,29,35,195,5312,0.0,10070,1338,11408,3679,287,1200,0,1187,6353,160,19,8.0,0,0,0,0,0,1,0,0,0,1,0,1,0,2008-08-09,28.0,2.0,1.9,69.4,5.1,1.05,1.0,1.5,2.0,2,7,5,1
222,26,0,26,30,149,4982,0.0,8946,1119,10065,3573,207,882,8,971,5633,119,2,8.0,0,0,0,0,1,0,0,0,0,1,0,1,0,2008-08-10,30.1,0.0,2.1,59.8,2.0,0.0,0.0,0.0,0.0,1,7,4,1
223,6,0,6,35,57,1538,0.0,3046,737,3783,1002,136,400,3,673,2211,22,5,8.0,0,0,0,1,0,0,0,0,0,1,0,1,0,2008-08-11,28.2,0.2,2.1,67.3,6.6,1.07,0.1,0.2,0.2,3,7,5,1
224,17,0,17,21,77,1421,0.0,2844,722,3566,977,87,357,0,661,2082,56,3,8.0,0,0,0,0,0,0,1,0,0,1,0,1,0,2008-08-12,25.3,65.5,2.3,83.6,9.3,8.5,12.5,34.0,65.5,4,6,5,1
225,10,0,10,11,51,1841,0.0,3529,938,4467,1221,163,380,0,798,2562,40,0,8.0,0,0,1,0,0,0,0,0,0,1,0,1,0,2008-08-13,27.0,27.0,1.9,79.6,7.8,4.08,7.5,19.5,27.0,3,7,5,1
226,20,2,22,21,119,2532,0.0,4370,956,5326,1550,283,611,3,880,3324,98,3,8.0,0,1,0,0,0,0,0,0,0,1,0,1,0,2008-08-14,27.3,0.0,2.8,73.0,5.8,0.0,0.0,0.0,0.0,2,7,5,1
227,56,1,57,50,306,10358,0.0,14527,1656,16183,6646,324,1768,10,1261,9999,256,10,8.0,1,0,0,0,0,0,0,0,0,1,0,1,0,2008-08-15,25.7,4.0,2.2,76.8,9.6,4.58,1.0,2.0,4.0,4,6,5,1
228,81,0,81,65,387,8098,0.0,13620,1892,15512,5688,311,2099,17,1471,9569,322,11,8.0,0,0,0,0,0,1,0,0,0,1,0,1,0,2008-08-16,21.7,9.0,3.0,79.4,7.5,8.48,1.5,3.5,9.0,3,5,5,2
229,210,3,213,64,1115,14550,0.0,21709,2313,24022,10768,425,3263,3,1629,16085,1051,11,8.0,0,0,0,0,1,0,0,0,0,1,0,1,0,2008-08-17,24.2,0.5,2.5,66.5,7.8,2.67,0.2,0.3,0.5,3,6,5,1
230,3,0,3,7,20,654,0.0,1207,344,1551,434,61,159,2,319,973,13,0,8.0,0,0,0,1,0,0,0,0,0,1,0,1,0,2008-08-18,22.9,39.0,3.7,86.5,9.6,12.48,5.0,11.5,39.0,4,6,5,2
231,72,0,72,63,319,4168,0.0,6779,1377,8156,2843,248,933,6,1225,5249,256,6,8.0,0,0,0,0,0,0,1,0,0,1,0,1,0,2008-08-19,23.9,0.0,4.2,70.0,5.6,0.12,0.0,0.0,0.0,2,6,5,4
232,38,0,38,30,212,3178,0.0,5659,1197,6856,2239,174,737,28,1094,4244,182,5,8.0,0,0,1,0,0,0,0,0,0,1,0,1,0,2008-08-20,23.1,0.0,2.2,71.5,4.9,0.13,0.0,0.0,0.0,2,6,5,1
233,128,0,128,94,403,4446,0.0,7181,1764,8945,2951,136,1145,4,1567,5799,309,3,8.0,0,1,0,0,0,0,0,0,0,1,0,1,0,2008-08-21,23.4,0.0,3.1,52.8,3.6,0.0,0.0,0.0,0.0,2,6,4,2
234,0,0,0,12,13,155,0.0,323,239,562,93,1,61,0,227,382,1,0,8.0,1,0,0,0,0,0,0,0,0,1,0,1,0,2008-08-22,17.9,72.5,4.1,89.9,10.0,20.43,4.1,14.5,72.5,4,5,5,4
235,149,0,149,86,878,11604,0.0,17880,2386,20266,8407,317,2755,0,1767,13246,792,16,8.0,0,0,0,0,0,1,0,0,0,1,0,1,0,2008-08-23,21.5,5.0,1.6,79.9,7.9,4.08,1.5,3.0,5.0,3,5,5,1
236,437,15,452,103,2310,21597,0.0,30558,3209,33767,16174,463,4929,9,2019,23585,2207,46,8.0,0,0,0,0,1,0,0,0,0,1,0,1,0,2008-08-24,23.6,0.0,1.9,67.0,5.3,0.0,0.0,0.0,0.0,2,6,5,1
237,39,2,41,65,253,3366,0.0,5397,1171,6568,2517,58,761,0,1045,4381,188,2,8.0,0,0,0,1,0,0,0,0,0,1,0,1,0,2008-08-25,24.4,3.5,1.8,71.5,5.6,0.83,3.0,3.5,3.5,2,6,5,1
238,65,0,65,47,281,3061,0.0,5656,1533,7189,2371,21,635,5,1411,4438,234,0,8.0,0,0,0,0,0,0,1,0,0,1,0,1,0,2008-08-26,24.0,0.0,2.7,56.0,4.4,0.0,0.0,0.0,0.0,2,6,4,1
239,57,0,57,83,299,3442,0.0,5234,1390,6624,2266,37,798,0,1228,4329,216,1,8.0,0,0,1,0,0,0,0,0,0,1,0,1,0,2008-08-27,24.0,0.0,2.2,60.3,1.9,0.0,0.0,0.0,0.0,1,6,5,1
240,21,0,21,62,217,2723,0.0,4389,1537,5926,2280,28,415,0,1357,4080,155,1,8.0,0,1,0,0,0,0,0,0,0,1,0,1,0,2008-08-28,24.6,0.0,2.3,64.6,0.9,0.0,0.0,0.0,0.0,1,6,5,1
241,179,0,179,59,368,3102,0.0,4951,1594,6545,2096,32,657,0,1421,4206,309,1,8.0,1,0,0,0,0,0,0,0,0,1,0,1,0,2008-08-29,25.2,0.0,1.4,66.5,1.3,0.0,0.0,0.0,0.0,1,6,5,1
242,194,0,194,69,1149,14975,0.0,21584,2899,24483,10590,1006,2467,22,1767,15830,1080,37,8.0,0,0,0,0,0,1,0,0,0,1,0,1,0,2008-08-30,25.7,0.0,2.1,56.0,3.5,0.0,0.0,0.0,0.0,2,6,4,1
243,307,0,307,70,1482,16867,0.0,24685,2719,27404,12785,329,3753,19,1637,18504,1412,8,8.0,0,0,0,0,1,0,0,0,0,1,0,1,0,2008-08-31,25.2,0.0,2.5,53.4,7.0,0.0,0.0,0.0,0.0,3,6,4,1
244,0,0,0,5,7,71,0.0,105,354,459,63,0,8,0,346,417,2,0,9.0,0,0,0,1,0,0,0,1,0,0,0,0,0,2008-09-01,19.7,72.5,3.5,89.3,10.0,19.75,2.5,8.0,72.5,4,5,5,2
245,10,0,10,66,125,1393,0.0,2145,1350,3495,1199,25,169,0,1250,2643,59,0,9.0,0,0,0,0,0,0,1,1,0,0,0,0,0,2008-09-02,21.9,5.5,2.2,74.1,6.6,3.42,1.0,3.0,5.5,3,5,5,1
246,66,0,66,66,214,1642,0.0,2973,1385,4358,1427,20,165,2,1283,2895,148,0,9.0,0,0,1,0,0,0,0,1,0,0,0,0,0,2008-09-03,23.2,0.0,1.5,68.9,3.9,0.0,0.0,0.0,0.0,2,6,5,1
247,66,0,66,29,210,4435,0.0,4399,1354,5753,1364,1225,411,0,1197,4197,181,2,9.0,0,1,0,0,0,0,0,1,0,0,0,0,0,2008-09-04,24.0,0.0,2.0,62.6,6.3,0.0,0.0,0.0,0.0,3,6,5,1
248,88,0,88,75,229,3444,0.0,3986,1031,5017,1073,846,426,0,910,3255,154,0,9.0,1,0,0,0,0,0,0,1,0,0,0,0,0,2008-09-05,22.6,0.2,1.7,69.4,8.9,1.2,0.2,0.2,0.2,3,6,5,1
249,228,0,228,99,1244,14846,0.0,19470,3778,23248,8977,2044,2022,6,1873,14916,1145,10,9.0,0,0,0,0,0,1,0,1,0,0,0,0,0,2008-09-06,24.2,0.0,1.6,61.6,3.6,0.0,0.0,0.0,0.0,2,6,5,1
250,303,0,303,122,1492,16125,0.0,24057,2943,27000,12002,405,3545,22,1573,17525,1370,10,9.0,0,0,0,0,1,0,0,1,0,0,0,0,0,2008-09-07,25.2,0.0,1.6,65.9,4.3,0.0,0.0,0.0,0.0,2,6,5,1
251,34,0,34,47,160,1583,0.0,2258,1029,3287,1146,154,145,0,955,2400,113,0,9.0,0,0,0,1,0,0,0,1,0,0,0,0,0,2008-09-08,25.4,0.0,1.7,64.8,4.5,0.0,0.0,0.0,0.0,2,6,5,1
252,10,0,10,42,128,1529,0.0,2193,1082,3275,961,6,336,0,1012,2315,86,1,9.0,0,0,0,0,0,0,1,1,0,0,0,0,0,2008-09-09,24.9,0.0,1.9,64.6,3.3,0.0,0.0,0.0,0.0,2,6,5,1
253,45,0,45,73,196,3091,0.0,3105,1120,4225,908,732,571,2,1028,3239,123,0,9.0,0,0,1,0,0,0,0,1,0,0,0,0,0,2008-09-10,24.3,0.0,2.3,67.5,4.0,0.0,0.0,0.0,0.0,2,6,5,1
254,35,0,35,9,99,891,0.0,1562,1073,2635,380,175,118,2,897,1570,90,23,9.0,0,1,0,0,0,0,0,1,0,0,0,0,0,2008-09-11,21.9,0.5,1.4,78.9,8.5,2.5,0.2,0.3,0.5,3,5,5,1
255,26,0,26,19,169,3320,0.0,4600,1010,5610,1852,612,384,78,961,3809,150,9,9.0,1,0,0,0,0,0,0,1,0,0,0,0,0,2008-09-12,24.1,0.0,1.7,63.0,4.6,0.0,0.0,0.0,0.0,2,6,5,1
256,157,0,157,53,966,10706,0.0,17100,2545,19645,8012,283,2329,29,1494,12118,913,18,9.0,0,0,0,0,0,1,0,1,0,0,0,0,0,2008-09-13,23.3,0.0,1.6,59.6,0.1,0.0,0.0,0.0,0.0,1,6,4,1
257,179,19,198,80,1045,15293,0.0,21632,3009,24641,11433,595,3135,77,1245,16408,965,32,9.0,0,0,0,0,1,0,0,1,0,0,0,0,0,2008-09-14,24.4,0.0,2.0,60.5,3.3,0.0,0.0,0.0,0.0,2,6,5,1
258,553,31,584,220,2653,22961,0.0,32242,4559,36801,16949,778,5204,44,2872,25803,2433,56,9.0,0,0,0,1,0,0,0,1,0,0,0,0,0,2008-09-15,25.1,0.0,1.8,60.3,4.0,0.0,0.0,0.0,0.0,2,6,5,1
259,204,0,204,117,907,8735,0.0,13588,2304,15892,6077,350,2308,4,1619,10354,790,29,9.0,0,0,0,0,0,0,1,1,0,0,0,0,0,2008-09-16,24.4,0.0,1.5,60.1,2.4,0.0,0.0,0.0,0.0,1,6,5,1
260,45,0,45,101,310,2291,0.0,3672,1382,5054,1498,23,541,0,1233,3295,209,2,9.0,0,0,1,0,0,0,0,1,0,0,0,0,0,2008-09-17,25.1,0.0,1.5,49.3,3.1,0.0,0.0,0.0,0.0,2,6,3,1
261,405,0,405,143,710,2894,0.0,3795,1627,5422,1172,321,667,11,1436,3596,567,2,9.0,0,1,0,0,0,0,0,1,0,0,0,0,0,2008-09-18,25.5,0.0,1.8,49.8,0.8,0.0,0.0,0.0,0.0,1,6,3,1
262,112,0,112,87,333,2991,0.0,4284,1343,5627,1289,122,831,3,1065,3307,246,2,9.0,1,0,0,0,0,0,0,1,0,0,0,0,0,2008-09-19,25.3,0.0,1.8,51.9,6.9,0.0,0.0,0.0,0.0,3,6,3,1
263,31,0,31,82,341,3497,0.0,5908,1836,7744,2096,496,540,2,1650,4782,259,53,9.0,0,0,0,0,0,1,0,1,0,0,0,0,0,2008-09-20,21.7,7.0,2.3,75.8,7.6,5.92,1.0,2.5,7.0,3,5,5,1
264,497,0,497,171,2597,19956,0.0,28661,3232,31893,14912,233,4609,13,2208,21962,2426,22,9.0,0,0,0,0,1,0,0,1,0,0,0,0,0,2008-09-21,23.5,0.0,1.9,65.6,1.0,0.0,0.0,0.0,0.0,1,6,5,1
265,22,0,22,113,299,2123,0.0,3049,1300,4349,1151,5,524,4,1098,2778,186,0,9.0,0,0,0,1,0,0,0,1,0,0,0,0,0,2008-09-22,22.3,6.5,2.0,73.0,8.9,3.42,2.5,4.5,6.5,3,6,5,1
266,114,0,114,86,370,2875,0.0,4112,1303,5415,1019,141,1046,4,1180,3386,284,0,9.0,0,0,0,0,0,0,1,1,0,0,0,0,0,2008-09-23,21.8,0.0,1.2,82.6,7.4,0.0,0.0,0.0,0.0,3,5,5,1
267,283,3,286,240,668,4169,0.0,5370,1650,7020,1260,161,1666,0,1327,4414,428,3,9.0,0,0,1,0,0,0,0,1,0,0,0,0,0,2008-09-24,21.5,0.0,2.2,76.4,9.4,0.0,0.0,0.0,0.0,4,5,5,1
268,5,2,7,60,108,2412,0.0,2604,830,3434,604,355,547,0,743,2249,48,0,9.0,0,1,0,0,0,0,0,1,0,0,0,0,0,2008-09-25,16.2,7.0,2.5,80.5,9.6,7.07,1.5,5.0,7.0,4,5,5,1
269,598,0,598,213,1074,29811,0.0,20371,2105,22476,1937,19,14018,0,1465,17439,861,0,9.0,1,0,0,0,0,0,0,1,0,0,0,0,0,2008-09-26,14.6,0.0,3.0,40.0,4.0,0.0,0.0,0.0,0.0,2,4,2,2
270,9448,1,9449,203,11142,16026,0.0,32823,3161,35984,10913,221,3954,14,2127,17215,10939,15,9.0,0,0,0,0,0,1,0,1,0,0,0,0,0,2008-09-27,14.8,0.0,1.6,38.5,5.6,0.0,0.0,0.0,0.0,2,4,2,1
271,493,8,501,171,2567,17948,0.0,26706,2994,29700,13222,195,4193,7,2054,19664,2396,18,9.0,0,0,0,0,1,0,0,1,0,0,0,0,0,2008-09-28,15.5,0.0,1.3,51.6,8.1,0.0,0.0,0.0,0.0,3,4,3,1
272,228,1,229,85,533,3848,0.0,5400,1316,6716,1997,18,1639,0,1161,4815,448,0,9.0,0,0,0,1,0,0,0,1,0,0,0,0,0,2008-09-29,17.4,0.0,1.6,52.5,1.6,0.0,0.0,0.0,0.0,1,5,4,1
273,60,3,63,152,453,3354,0.0,5034,1937,6971,1729,12,960,4,1645,4346,301,0,9.0,0,0,0,0,0,0,1,1,0,0,0,0,0,2008-09-30,17.6,0.0,1.6,63.6,4.6,0.0,0.0,0.0,0.0,2,5,5,1
274,452,10,462,110,1539,8809,0.0,9854,1629,11483,2773,1519,1339,0,1391,7022,1429,2,10.0,0,0,1,0,0,0,0,1,0,0,0,0,0,2008-10-01,19.8,0.0,2.0,59.6,0.6,0.0,0.0,0.0,0.0,1,5,4,1
275,303,7,310,126,896,9138,0.0,11283,2729,14012,2597,1356,2205,3,1834,7992,770,16,10.0,0,1,0,0,0,0,0,1,0,0,0,0,0,2008-10-02,20.0,0.0,2.4,64.5,0.8,0.0,0.0,0.0,0.0,1,5,5,1
276,1705,3,1708,316,7355,39322,0.0,54531,4129,58660,27949,487,10408,14,2606,41450,7039,51,10.0,1,0,0,0,0,0,0,1,0,0,0,0,0,2008-10-03,19.5,0.0,2.1,73.8,2.4,0.0,0.0,0.0,0.0,1,5,5,1
277,768,0,768,245,3999,25178,0.0,35169,3792,38961,18344,908,5284,7,2694,27230,3754,12,10.0,0,0,0,0,0,1,0,1,0,0,0,0,0,2008-10-04,19.7,0.0,1.9,60.4,5.8,0.0,0.0,0.0,0.0,2,5,5,1
278,670,11,681,234,3386,21488,0.0,30700,4152,34852,15448,223,5232,7,2651,23554,3152,29,10.0,0,0,0,0,1,0,0,1,0,0,0,0,0,2008-10-05,20.1,0.0,2.4,60.5,5.6,0.0,0.0,0.0,0.0,2,5,5,1
279,255,0,255,183,651,5975,0.0,6657,1717,8374,1527,1103,1262,2,1405,5297,468,2,10.0,0,0,0,1,0,0,0,1,0,0,0,0,0,2008-10-06,18.2,0.0,2.3,61.9,6.0,0.0,0.0,0.0,0.0,3,5,5,1
280,385,0,385,270,955,11143,0.0,11073,2467,13540,1850,2092,2714,44,1629,8285,685,3,10.0,0,0,0,0,0,0,1,1,0,0,0,0,0,2008-10-07,17.0,0.0,1.7,63.0,3.6,0.0,0.0,0.0,0.0,2,5,5,1
281,514,0,514,328,1218,11164,0.0,11628,1879,13507,2146,2783,2644,6,1433,9006,890,0,10.0,0,0,1,0,0,0,0,1,0,0,0,0,0,2008-10-08,17.7,0.0,2.5,65.3,6.0,0.0,0.0,0.0,0.0,3,5,5,1
282,776,0,776,404,1747,13253,0.0,13493,2445,15938,2135,3062,2655,0,1671,9523,1343,10,10.0,0,1,0,0,0,0,0,1,0,0,0,0,0,2008-10-09,18.7,0.0,1.1,58.3,3.5,0.0,0.0,0.0,0.0,2,5,4,1
283,188,0,188,103,782,19082,0.0,16405,1749,18154,1309,6552,2538,79,1091,11490,679,206,10.0,1,0,0,0,0,0,0,1,0,0,0,0,0,2008-10-10,17.9,0.0,2.7,59.6,5.4,0.17,0.0,0.0,0.0,2,5,4,1
284,595,0,595,348,3355,23192,0.0,29972,4205,34177,13960,716,5428,9,2851,22955,3007,80,10.0,0,0,0,0,0,1,0,1,0,0,0,0,0,2008-10-11,14.4,0.0,2.6,39.5,1.1,0.0,0.0,0.0,0.0,1,4,2,1
285,934,0,934,355,4833,24065,0.0,35105,4153,39258,17485,652,5370,28,2785,26292,4478,52,10.0,0,0,0,0,1,0,0,1,0,0,0,0,0,2008-10-12,14.3,0.0,1.5,52.3,1.8,0.0,0.0,0.0,0.0,1,4,4,1
286,199,0,199,359,1055,20187,0.0,14891,1799,16690,2331,2020,7792,22,1342,13485,696,2,10.0,0,0,0,1,0,0,0,1,0,0,0,0,0,2008-10-13,15.4,0.0,1.6,62.5,3.3,0.0,0.0,0.0,0.0,2,4,5,1
287,401,0,401,385,1265,5222,0.0,8149,3088,11237,2330,18,1581,0,1932,5861,880,6,10.0,0,0,0,0,0,0,1,1,0,0,0,0,0,2008-10-14,16.1,0.0,1.7,65.0,0.5,0.0,0.0,0.0,0.0,1,5,5,1
288,495,18,513,293,1182,4057,0.0,5709,2102,7811,1939,16,1127,12,1692,4774,889,2,10.0,0,0,1,0,0,0,0,1,0,0,0,0,0,2008-10-15,16.5,0.0,1.1,75.4,5.0,0.0,0.0,0.0,0.0,2,5,5,1
289,517,0,517,551,2411,20035,0.0,17761,3435,21196,2140,6962,2300,0,1838,13240,1860,860,10.0,0,1,0,0,0,0,0,1,0,0,0,0,0,2008-10-16,18.0,0.0,1.5,71.6,5.4,0.0,0.0,0.0,0.0,2,5,5,1
290,682,0,682,309,1686,20173,0.0,17369,3370,20739,3190,6088,2386,1,1732,13396,1377,6,10.0,1,0,0,0,0,0,0,1,0,0,0,0,0,2008-10-17,18.7,0.0,1.2,66.9,0.4,0.0,0.0,0.0,0.0,1,5,5,1
291,393,3,396,392,2848,20257,0.0,27105,3753,30858,12887,1987,2875,3,2552,20301,2456,35,10.0,0,0,0,0,0,1,0,1,0,0,0,0,0,2008-10-18,19.8,0.0,1.5,61.0,1.1,0.0,0.0,0.0,0.0,1,5,5,1
292,961,9,970,446,4846,25263,0.0,36337,4204,40541,18165,728,5951,6,2616,27460,4400,78,10.0,0,0,0,0,1,0,0,1,0,0,0,0,0,2008-10-19,18.5,0.0,1.4,66.6,6.3,0.0,0.0,0.0,0.0,3,5,5,1
293,280,7,287,359,1193,15057,0.0,16665,2003,18668,2411,825,9814,0,1500,14550,834,14,10.0,0,0,0,1,0,0,0,1,0,0,0,0,0,2008-10-20,18.6,0.0,1.2,60.0,1.5,0.0,0.0,0.0,0.0,1,5,5,1
294,197,9,206,482,1248,28557,0.0,21280,3102,24382,2695,1967,12233,7,1897,18792,766,1,10.0,0,0,0,0,0,0,1,1,0,0,0,0,0,2008-10-21,19.0,0.0,1.6,55.0,7.4,0.0,0.0,0.0,0.0,3,5,4,1
295,42,0,42,205,397,6048,0.0,5170,2421,7591,760,2181,482,0,2089,5512,192,0,10.0,0,0,1,0,0,0,0,1,0,0,0,0,0,2008-10-22,16.8,8.0,2.9,72.4,9.5,10.22,0.5,2.5,8.0,4,5,5,1
296,4,0,4,220,436,11612,0.0,8693,1347,10040,502,4138,1689,0,895,7224,216,81,10.0,0,1,0,0,0,0,0,1,0,0,0,0,0,2008-10-23,16.5,9.0,3.2,82.9,8.9,3.95,4.0,4.0,9.0,3,5,5,2
297,440,0,440,238,1053,21771,0.0,17224,2315,19539,2239,7850,1991,35,1681,13761,815,7,10.0,1,0,0,0,0,0,0,1,0,0,0,0,0,2008-10-24,11.1,0.3,3.3,50.3,2.4,0.67,0.2,0.3,0.3,1,4,3,2
298,353,0,353,487,1657,11513,0.0,16996,3821,20817,6802,623,2956,8,2320,12701,1170,52,10.0,0,0,0,0,0,1,0,1,0,0,0,0,0,2008-10-25,11.6,3.0,1.9,68.0,5.6,2.8,1.0,2.0,3.0,2,4,5,1
299,809,0,809,776,4598,23261,0.0,33104,4244,37348,16714,712,5198,14,2607,25231,3822,69,10.0,0,0,0,0,1,0,0,1,0,0,0,0,0,2008-10-26,12.0,0.0,3.2,44.6,2.4,0.0,0.0,0.0,0.0,1,4,3,2
300,115,0,115,247,745,5040,0.0,5298,1970,7268,2081,689,795,8,1544,5109,498,8,10.0,0,0,0,1,0,0,0,1,0,0,0,0,0,2008-10-27,10.2,0.0,2.3,51.1,2.3,0.0,0.0,0.0,0.0,1,3,3,1
301,183,1,184,330,850,10759,0.0,9768,2174,11942,2502,2083,2595,0,1636,8816,520,3,10.0,0,0,0,0,0,0,1,1,0,0,0,0,0,2008-10-28,10.9,0.0,1.6,56.1,3.5,0.0,0.0,0.0,0.0,2,3,4,1
302,238,20,258,293,1061,7170,0.0,7279,2345,9624,2466,1391,968,3,1800,6625,768,115,10.0,0,0,1,0,0,0,0,1,0,0,0,0,0,2008-10-29,11.9,0.0,2.0,49.9,4.6,0.0,0.0,0.0,0.0,2,4,3,1
303,137,0,137,389,1030,7171,0.0,7201,2529,9730,2521,1286,1048,4,1787,6642,641,5,10.0,0,1,0,0,0,0,0,1,0,0,0,0,0,2008-10-30,11.1,0.0,2.2,48.5,2.8,0.3,0.0,0.0,0.0,1,4,3,1
304,59,0,59,77,213,4108,0.0,3295,726,4021,606,1478,274,0,616,2974,136,4,10.0,1,0,0,0,0,0,0,1,0,0,0,0,0,2008-10-31,10.6,21.5,1.7,82.8,5.9,4.87,2.5,9.5,21.5,2,3,5,1
305,331,0,331,334,2389,15694,0.0,22224,4038,26262,11694,796,2229,12,2740,17459,2055,44,11.0,0,0,0,0,0,1,0,1,0,0,0,0,0,2008-11-01,11.0,0.0,2.4,71.0,4.8,0.0,0.0,0.0,0.0,2,4,5,1
306,697,0,697,322,3863,22531,0.0,32351,3588,35939,16360,595,5158,33,2505,24618,3541,87,11.0,0,0,0,0,1,0,0,1,0,0,0,0,0,2008-11-02,12.7,0.0,2.7,56.9,4.5,0.0,0.0,0.0,0.0,2,4,4,1
307,32,0,32,173,302,4775,0.0,5205,1960,7165,3423,86,941,0,1686,6136,129,0,11.0,0,0,0,1,0,0,0,1,0,0,0,0,0,2008-11-03,11.0,0.0,2.7,48.1,1.5,0.33,0.0,0.0,0.0,1,4,3,1
308,157,0,157,180,456,7394,0.0,6238,1990,8228,2034,1534,1261,0,1641,6470,276,2,11.0,0,0,0,0,0,0,1,1,0,0,0,0,0,2008-11-04,9.0,0.0,1.7,30.6,0.0,0.0,0.0,0.0,0.0,1,3,2,1
309,38,0,38,115,204,2994,0.0,3370,1814,5184,1783,146,531,4,1604,4064,89,0,11.0,0,0,1,0,0,0,0,1,0,0,0,0,0,2008-11-05,11.5,0.0,1.7,47.9,4.8,0.0,0.0,0.0,0.0,2,4,3,1
310,42,0,42,60,184,2456,0.0,2812,1403,4215,1251,8,600,6,1261,3120,124,2,11.0,0,1,0,0,0,0,0,1,0,0,0,0,0,2008-11-06,15.3,0.0,2.1,71.8,7.3,0.0,0.0,0.0,0.0,3,4,5,1
311,11,0,11,104,205,3477,0.0,4092,1964,6056,2076,40,757,0,1574,4447,101,0,11.0,1,0,0,0,0,0,0,1,0,0,0,0,0,2008-11-07,11.9,0.0,2.0,61.1,9.5,0.0,0.0,0.0,0.0,4,4,5,1
312,287,0,287,193,1342,19712,0.0,25368,3629,28997,12838,674,5126,34,2474,21112,1149,16,11.0,0,0,0,0,0,1,0,1,0,0,0,0,0,2008-11-08,12.0,0.0,1.9,49.3,4.6,0.0,0.0,0.0,0.0,2,4,3,1
313,196,0,196,121,917,16672,0.0,22018,3544,25562,11185,410,4372,25,2371,18338,796,9,11.0,0,0,0,0,1,0,0,1,0,0,0,0,0,2008-11-09,10.0,1.5,2.4,70.1,6.9,1.18,0.0,0.0,1.5,3,3,5,1
314,6,0,6,120,232,2622,0.0,3702,2069,5771,2252,9,361,0,1810,4432,112,0,11.0,0,0,0,1,0,0,0,1,0,0,0,0,0,2008-11-10,9.9,0.0,2.1,56.8,0.8,0.0,0.0,0.0,0.0,1,3,4,1
315,41,0,41,90,249,2794,0.0,3311,1833,5144,1854,56,542,0,1654,4106,159,0,11.0,0,0,0,0,0,0,1,1,0,0,0,0,0,2008-11-11,10.4,0.0,2.0,50.8,0.1,0.0,0.0,0.0,0.0,1,3,3,1
316,14,4,18,88,198,2171,0.0,2845,1866,4711,1736,140,214,0,1703,3793,110,0,11.0,0,0,1,0,0,0,0,1,0,0,0,0,0,2008-11-12,10.0,0.0,1.8,55.1,0.8,0.0,0.0,0.0,0.0,1,3,4,1
317,24,0,24,94,263,2798,0.0,3632,1709,5341,1805,378,431,0,1496,4110,169,2,11.0,0,1,0,0,0,0,0,1,0,0,0,0,0,2008-11-13,10.1,0.0,1.8,59.8,3.8,0.0,0.0,0.0,0.0,2,3,4,1
318,79,0,79,54,216,2751,0.0,3352,1515,4867,1773,303,324,7,1335,3735,162,0,11.0,1,0,0,0,0,0,0,1,0,0,0,0,0,2008-11-14,11.1,0.0,1.4,62.3,6.3,0.0,0.0,0.0,0.0,3,4,5,1
319,17,3,20,33,136,4126,0.0,5372,1839,7211,3115,231,476,7,1432,5254,103,2,11.0,0,0,0,0,0,1,0,1,0,0,0,0,0,2008-11-15,10.7,3.5,1.3,74.9,9.3,8.45,0.0,0.0,3.5,4,3,5,1
320,164,0,164,57,783,12467,0.0,17691,2861,20552,9425,374,2624,24,1972,14395,726,10,11.0,0,0,0,0,1,0,0,1,0,0,0,0,0,2008-11-16,7.8,0.0,2.4,59.4,1.8,0.0,0.0,0.0,0.0,1,2,4,1
321,6,0,6,37,84,831,0.0,1159,1067,2226,704,28,67,2,999,1798,47,0,11.0,0,0,0,1,0,0,0,1,0,0,0,0,0,2008-11-17,3.0,0.0,3.0,50.0,3.4,0.0,0.0,0.0,0.0,2,1,3,2
322,0,0,0,17,20,280,0.0,353,931,1284,265,8,7,2,859,1139,3,0,11.0,0,0,0,0,0,0,1,1,0,0,0,0,0,2008-11-18,-3.1,0.0,3.6,38.0,1.6,0.0,0.0,0.0,0.0,1,1,2,2
323,0,0,0,0,0,266,0.0,260,772,1032,159,12,52,0,772,995,0,0,11.0,0,0,1,0,0,0,0,1,0,0,0,0,0,2008-11-19,-4.2,0.0,3.0,41.0,0.1,0.0,0.0,0.0,0.0,1,1,3,2
324,0,0,0,0,1,167,0.0,217,707,924,150,11,6,0,704,871,1,0,11.0,0,1,0,0,0,0,0,1,0,0,0,0,0,2008-11-20,1.1,1.0,2.2,71.0,4.5,3.47,0.0,0.0,1.0,2,1,5,1
325,13,0,13,15,36,664,0.0,738,822,1560,369,27,236,0,779,1411,21,0,11.0,1,0,0,0,0,0,0,1,0,0,0,0,0,2008-11-21,4.0,0.0,2.7,47.1,0.4,0.0,0.0,0.0,0.0,1,2,3,1
326,30,0,30,33,140,4785,0.0,6523,1287,7810,3011,283,1120,5,1188,5602,107,2,11.0,0,0,0,0,0,1,0,1,0,0,0,0,0,2008-11-22,4.9,0.0,2.0,62.0,5.6,0.0,0.0,0.0,0.0,2,2,5,1
327,80,0,80,39,364,7785,0.0,10928,2075,13003,5928,216,1580,0,1403,9127,325,6,11.0,0,0,0,0,1,0,0,1,0,0,0,0,0,2008-11-23,7.1,0.0,1.6,66.0,3.3,0.0,0.0,0.0,0.0,2,2,5,1
328,6,0,6,6,33,782,0.0,1011,1090,2101,678,41,63,0,1007,1789,27,0,11.0,0,0,0,1,0,0,0,1,0,0,0,0,0,2008-11-24,8.3,0.0,1.9,58.0,7.0,0.0,0.0,0.0,0.0,3,3,4,1
329,3,0,3,27,37,618,0.0,800,957,1757,536,25,57,0,903,1521,10,0,11.0,0,0,0,0,0,0,1,1,0,0,0,0,0,2008-11-25,6.7,0.0,1.5,61.0,4.6,0.0,0.0,0.0,0.0,2,2,5,1
330,1,0,1,15,37,780,0.0,1036,1106,2142,607,52,80,0,1061,1800,22,0,11.0,0,0,1,0,0,0,0,1,0,0,0,0,0,2008-11-26,7.6,0.0,2.1,58.1,6.5,0.0,0.0,0.0,0.0,3,2,4,1
331,0,0,0,2,4,80,0.0,92,222,314,65,11,4,0,220,300,2,0,11.0,0,1,0,0,0,0,0,1,0,0,0,0,0,2008-11-27,5.6,13.0,2.4,82.8,10.0,11.45,0.0,0.0,13.0,4,2,5,1
332,3,0,3,11,37,709,0.0,867,1000,1867,564,43,65,0,973,1645,26,2,11.0,1,0,0,0,0,0,0,1,0,0,0,0,0,2008-11-28,6.1,0.4,2.6,71.1,6.8,3.17,0.0,0.0,0.4,3,2,5,1
333,9,0,9,22,53,1926,0.0,2472,1158,3630,1401,147,211,0,1095,2854,31,0,11.0,0,0,0,0,0,1,0,1,0,0,0,0,0,2008-11-29,3.6,0.2,4.2,53.9,4.1,2.07,0.0,0.0,0.2,2,1,4,4
334,19,0,19,22,90,4101,0.0,5704,1320,7024,3222,136,713,2,1223,5294,68,0,11.0,0,0,0,0,1,0,0,1,0,0,0,0,0,2008-11-30,3.6,0.0,1.9,50.4,3.1,0.0,0.0,0.0,0.0,2,1,3,1
335,0,0,0,3,6,490,0.0,582,880,1462,339,30,77,0,865,1311,3,0,12.0,0,0,0,1,0,0,0,0,0,0,1,0,0,2008-12-01,7.9,0.1,2.5,60.0,8.1,1.62,0.0,0.0,0.1,3,2,5,1
336,5,0,5,34,59,808,0.0,974,1212,2186,639,72,64,0,1146,1921,25,1,12.0,0,0,0,0,0,0,1,0,0,0,1,0,0,2008-12-02,8.1,2.5,2.0,61.8,1.3,0.85,0.0,0.0,2.5,1,3,5,1
337,3,0,3,32,50,1336,0.0,1257,1419,2676,599,350,79,5,1365,2393,18,0,12.0,0,0,1,0,0,0,0,0,0,0,1,0,0,2008-12-03,7.1,0.0,1.9,43.1,2.9,0.0,0.0,0.0,0.0,1,2,3,1
338,0,0,0,1,1,114,0.0,129,468,597,90,10,14,1,464,578,0,0,12.0,0,1,0,0,0,0,0,0,0,0,1,0,0,2008-12-04,5.3,3.5,3.3,70.8,8.1,5.48,0.0,0.0,3.5,3,2,5,2
339,0,0,0,0,1,67,0.0,83,535,618,57,9,1,0,514,581,1,0,12.0,1,0,0,0,0,0,0,0,0,0,1,0,0,2008-12-05,-7.6,0.0,4.5,43.1,1.5,0.0,0.0,0.0,0.0,1,1,3,4
340,1,0,1,1,3,324,0.0,367,492,859,254,11,29,0,485,779,2,0,12.0,0,0,0,0,0,1,0,0,0,0,1,0,0,2008-12-06,-9.0,0.0,2.8,39.8,0.0,0.0,0.0,0.0,0.0,1,1,2,1
341,0,0,0,4,13,927,0.0,1140,883,2023,763,34,99,7,855,1751,9,1,12.0,0,0,0,0,1,0,0,0,0,0,1,0,0,2008-12-07,-2.8,1.7,2.8,70.1,8.1,8.55,0.0,0.0,1.7,3,1,5,1
342,0,0,0,6,7,400,0.0,387,619,1006,209,87,28,0,610,934,1,0,12.0,0,0,0,1,0,0,0,0,0,0,1,0,0,2008-12-08,5.1,7.0,1.8,81.8,7.9,5.82,0.0,0.0,7.0,3,2,5,1
343,0,0,0,16,20,534,0.0,660,1067,1727,428,58,48,0,1017,1551,4,0,12.0,0,0,0,0,0,0,1,0,0,0,1,0,0,2008-12-09,7.9,0.5,1.7,73.5,4.4,0.52,0.0,0.0,0.5,2,2,5,1
344,3,1,4,23,45,530,0.0,695,1120,1815,445,34,51,0,1076,1606,22,0,12.0,0,0,1,0,0,0,0,0,0,0,1,0,0,2008-12-10,9.4,0.0,1.6,75.0,6.3,0.33,0.0,0.0,0.0,3,3,5,1
345,0,0,0,25,25,470,0.0,568,929,1497,405,40,25,2,896,1366,0,0,12.0,0,1,0,0,0,0,0,0,0,0,1,0,0,2008-12-11,3.7,3.5,3.6,57.9,2.9,4.17,0.0,0.0,3.5,1,1,4,2
346,11,0,11,5,31,1265,0.0,952,921,1873,332,51,453,0,900,1736,26,1,12.0,1,0,0,0,0,0,0,0,0,0,1,0,0,2008-12-12,5.1,0.0,1.7,62.4,5.1,0.0,0.0,0.0,0.0,2,2,5,1
347,8,0,8,12,56,3024,0.0,4323,1307,5630,2068,147,809,4,1210,4234,44,1,12.0,0,0,0,0,0,1,0,0,0,0,1,0,0,2008-12-13,1.3,0.0,2.8,56.1,3.6,0.0,0.0,0.0,0.0,2,1,4,1
348,14,0,14,14,58,2985,0.0,3964,1230,5194,2243,80,600,5,1143,4066,44,0,12.0,0,0,0,0,1,0,0,0,0,0,1,0,0,2008-12-14,-1.1,0.0,2.5,43.1,0.3,0.0,0.0,0.0,0.0,1,1,3,1
349,4,0,4,5,16,531,0.0,675,914,1589,445,35,51,0,896,1427,11,2,12.0,0,0,0,1,0,0,0,0,0,0,1,0,0,2008-12-15,2.1,0.0,1.8,45.9,1.5,0.0,0.0,0.0,0.0,1,1,3,1
350,1,0,1,10,19,2524,0.0,1652,980,2632,372,97,1029,0,953,2451,9,2,12.0,0,0,0,0,0,0,1,0,0,0,1,0,0,2008-12-16,4.0,0.0,1.8,52.6,6.8,0.0,0.0,0.0,0.0,3,2,4,1
351,1,0,1,12,14,156,0.0,193,863,1056,134,6,16,0,850,1006,2,0,12.0,0,0,1,0,0,0,0,0,0,0,1,0,0,2008-12-17,6.4,0.4,2.6,69.8,6.6,3.83,0.0,0.0,0.4,3,2,5,1
352,0,0,0,7,9,1609,0.0,1211,941,2152,384,511,158,3,911,1964,2,0,12.0,0,1,0,0,0,0,0,0,0,0,1,0,0,2008-12-18,-0.3,0.0,2.4,50.0,0.0,0.0,0.0,0.0,0.0,1,1,3,1
353,0,0,0,5,7,582,0.0,704,674,1378,329,150,32,0,657,1168,2,0,12.0,1,0,0,0,0,0,0,0,0,0,1,0,0,2008-12-19,1.8,0.1,2.3,57.9,6.0,0.67,0.0,0.0,0.1,3,1,4,1
354,7,0,7,1,19,1191,0.0,1390,827,2217,833,64,157,5,806,1860,18,0,12.0,0,0,0,0,0,1,0,0,0,0,1,0,0,2008-12-20,1.3,5.0,2.5,60.0,9.9,6.67,0.0,0.0,5.0,4,1,5,1
355,8,0,8,4,38,2416,0.0,3189,1207,4396,1817,110,403,4,1162,3492,34,0,12.0,0,0,0,0,1,0,0,0,0,0,1,0,0,2008-12-21,-0.3,0.0,2.5,52.8,6.6,0.0,0.0,0.0,0.0,3,1,4,1
356,0,0,0,1,1,138,0.0,169,541,710,109,16,13,0,539,677,0,0,12.0,0,0,0,1,0,0,0,0,0,0,1,0,0,2008-12-22,-5.1,0.4,3.0,52.8,3.3,3.33,0.0,0.0,0.4,2,1,4,2
357,0,0,0,3,4,353,0.0,461,795,1256,261,71,21,0,790,1143,1,0,12.0,0,0,0,0,0,0,1,0,0,0,1,0,0,2008-12-23,-1.2,0.7,1.5,63.5,3.4,4.58,0.0,0.0,0.7,2,1,5,1
358,0,0,0,0,2,595,0.0,805,915,1720,510,60,25,0,881,1476,2,0,12.0,0,0,1,0,0,0,0,0,0,0,1,0,0,2008-12-24,2.8,0.0,2.5,65.3,8.1,0.4,0.0,0.0,0.0,3,1,5,1
359,7,0,7,5,28,4124,0.0,5991,877,6868,2746,871,507,0,797,4921,23,0,12.0,0,1,0,0,0,0,0,0,0,0,1,0,0,2008-12-25,-1.3,0.0,4.7,39.4,1.6,0.57,0.0,0.0,0.0,1,1,2,4
360,0,0,0,0,0,1058,0.0,1539,577,2116,546,34,411,6,564,1555,0,0,12.0,1,0,0,0,0,0,0,0,0,0,1,0,0,2008-12-26,-5.6,0.0,2.9,30.8,0.0,0.0,0.0,0.0,0.0,1,1,2,1
361,0,0,0,0,0,1860,0.0,2632,1070,3702,1267,131,462,8,1023,2883,0,0,12.0,0,0,0,0,0,1,0,0,0,0,1,0,0,2008-12-27,-3.0,0.0,1.4,43.0,3.0,0.0,0.0,0.0,0.0,2,1,3,1
362,25,3,28,13,102,3711,0.0,5317,1147,6464,2680,152,879,0,1063,4774,89,1,12.0,0,0,0,0,1,0,0,0,0,0,1,0,0,2008-12-28,0.5,0.0,1.5,56.4,6.4,0.0,0.0,0.0,0.0,3,1,4,1
363,1,0,1,4,6,846,0.0,1337,677,2014,482,21,314,0,655,1472,2,0,12.0,0,0,0,1,0,0,0,0,0,0,1,0,0,2008-12-29,1.0,0.5,2.6,66.5,8.9,2.0,0.0,0.0,0.5,3,1,5,1
364,3,0,3,8,13,604,0.0,912,777,1689,365,59,180,8,702,1306,5,0,12.0,0,0,0,0,0,0,1,0,0,0,1,0,0,2008-12-30,-4.2,0.0,3.5,43.3,1.3,0.0,0.0,0.0,0.0,1,1,3,2
365,1,0,1,1,4,511,0.0,733,630,1363,320,73,118,0,622,1133,3,0,12.0,0,0,1,0,0,0,0,0,0,0,1,0,0,2008-12-31,-6.2,0.0,2.8,47.3,0.0,0.0,0.0,0.0,0.0,1,1,3,1
